Date,Home,Away,Home_Score,Away_Score,OU_Line,Home_ML,Away_ML
2020-10-27,LAD,TBD,3.0,1.0,8.5,-120.0,106.0
2020-10-25,TBD,LAD,2.0,4.0,8.0,145.0,-166.0
2020-10-24,TBD,LAD,8.0,7.0,8.0,143.0,-162.0
2020-10-23,TBD,LAD,2.0,6.0,7.5,145.0,-164.0
2020-10-21,LAD,TBD,4.0,6.0,8.0,-130.0,115.0
2020-10-20,LAD,TBD,8.0,3.0,7.5,-162.0,142.0
2020-10-18,LAD,ATL,4.0,3.0,8.5,-154.0,135.0
2020-10-17,LAD,ATL,3.0,1.0,8.5,-150.0,130.0
2020-10-17,TBD,HOU,4.0,2.0,7.5,-115.0,100.0
2020-10-16,TBD,HOU,4.0,7.0,8.0,-132.0,115.0
2020-10-16,ATL,LAD,3.0,7.0,9.0,165.0,-197.0
2020-10-15,HOU,TBD,4.0,3.0,9.5,119.0,-135.0
2020-10-15,ATL,LAD,10.0,2.0,9.0,185.0,-220.0
2020-10-14,ATL,LAD,3.0,15.0,9.5,170.0,-196.0
2020-10-14,HOU,TBD,4.0,3.0,8.5,115.0,-131.0
2020-10-13,LAD,ATL,7.0,8.0,8.5,-140.0,126.0
2020-10-13,HOU,TBD,2.0,5.0,8.5,-105.0,-106.0
2020-10-12,TBD,HOU,4.0,2.0,8.5,-112.0,102.0
2020-10-12,LAD,ATL,1.0,5.0,8.0,-148.0,129.0
2020-10-11,TBD,HOU,2.0,1.0,8.0,-131.0,116.0
2020-10-09,TBD,NYY,2.0,1.0,,,
2020-10-08,FLA,ATL,0.0,7.0,,,
2020-10-08,HOU,OAK,11.0,6.0,,,
2020-10-08,NYY,TBD,5.0,1.0,,,
2020-10-08,SDP,LAD,3.0,12.0,,,
2020-10-07,ATL,FLA,2.0,0.0,,,
2020-10-07,HOU,OAK,7.0,9.0,,,
2020-10-07,NYY,TBD,4.0,8.0,,,
2020-10-07,LAD,SDP,6.0,5.0,,,
2020-10-06,ATL,FLA,9.0,5.0,,,
2020-10-06,OAK,HOU,2.0,5.0,,,
2020-10-06,TBD,NYY,7.0,5.0,,,
2020-10-06,LAD,SDP,5.0,1.0,,,
2020-10-05,OAK,HOU,5.0,10.0,,,
2020-10-05,TBD,NYY,3.0,9.0,,,
2020-10-02,CHC,FLA,0.0,2.0,,,
2020-10-02,SDP,STL,4.0,0.0,,,
2020-10-01,ATL,CIN,5.0,0.0,,,
2020-10-01,OAK,CHW,6.0,4.0,,,
2020-10-01,SDP,STL,11.0,9.0,,,
2020-10-01,LAD,MIL,3.0,0.0,,,
2020-09-30,ATL,CIN,1.0,0.0,,,
2020-09-30,MIN,HOU,1.0,3.0,,,
2020-09-30,CHC,FLA,1.0,5.0,,,
2020-09-30,OAK,CHW,5.0,3.0,,,
2020-09-30,TBD,TOR,8.0,2.0,,,
2020-09-30,SDP,STL,4.0,7.0,,,
2020-09-30,CLE,NYY,9.0,10.0,,,
2020-09-30,LAD,MIL,4.0,2.0,,,
2020-09-29,MIN,HOU,1.0,4.0,,,
2020-09-29,OAK,CHW,1.0,4.0,,,
2020-09-29,TBD,TOR,3.0,1.0,,,
2020-09-29,CLE,NYY,3.0,12.0,,,
2020-09-27,KCR,DET,3.0,1.0,8.0,-177.0,155.0
2020-09-27,WSN,NYM,15.0,5.0,8.5,106.0,-121.0
2020-09-27,TEX,HOU,8.0,4.0,9.5,110.0,-125.0
2020-09-27,NYY,FLA,0.0,5.0,10.0,-183.0,157.0
2020-09-27,SFG,SDP,4.0,5.0,8.5,-118.0,100.0
2020-09-27,TOR,BAL,5.0,7.0,10.0,-126.0,110.0
2020-09-27,MIN,CIN,3.0,5.0,8.0,-132.0,115.0
2020-09-27,OAK,SEA,6.0,2.0,8.0,-127.0,110.0
2020-09-27,CLE,PIT,8.0,6.0,8.0,-163.0,144.0
2020-09-27,ARI,COL,11.0,3.0,9.0,-110.0,-105.0
2020-09-27,TBD,PHI,5.0,0.0,7.5,125.0,-143.0
2020-09-27,LAD,ANA,5.0,0.0,8.5,-225.0,195.0
2020-09-27,CHW,CHC,8.0,10.0,9.0,-155.0,135.0
2020-09-27,ATL,BOS,1.0,9.0,9.5,-149.0,131.0
2020-09-27,STL,MIL,5.0,2.0,8.0,-112.0,-105.0
2020-09-26,NYY,FLA,11.0,4.0,9.5,-250.0,205.0
2020-09-26,WSN,NYM,4.0,3.0,,,
2020-09-26,OAK,SEA,1.0,5.0,7.0,-141.0,125.0
2020-09-26,WSN,NYM,5.0,3.0,8.5,-143.0,127.0
2020-09-26,TOR,BAL,5.0,2.0,9.0,-120.0,106.0
2020-09-26,KCR,DET,3.0,4.0,9.5,-128.0,110.0
2020-09-26,TEX,HOU,6.0,1.0,9.0,125.0,-144.0
2020-09-26,STL,MIL,0.0,3.0,7.5,100.0,-115.0
2020-09-26,TBD,PHI,4.0,3.0,7.5,-101.0,-115.0
2020-09-26,ATL,BOS,2.0,8.0,9.5,-152.0,132.0
2020-09-26,CHW,CHC,9.0,5.0,9.5,-156.0,138.0
2020-09-26,MIN,CIN,7.0,3.0,7.5,-122.0,105.0
2020-09-26,CLE,PIT,0.0,8.0,8.0,-168.0,150.0
2020-09-26,SEA,OAK,12.0,3.0,,,
2020-09-26,ARI,COL,3.0,10.0,9.0,-109.0,-106.0
2020-09-26,LAD,ANA,7.0,6.0,9.0,-314.0,265.0
2020-09-26,SFG,SDP,2.0,6.0,9.0,115.0,-133.0
2020-09-25,STL,MIL,0.0,3.0,,,
2020-09-25,TOR,BAL,10.0,5.0,9.5,-171.0,149.0
2020-09-25,ARI,COL,4.0,0.0,6.0,-178.0,152.0
2020-09-25,TBD,PHI,6.0,4.0,8.5,-136.0,120.0
2020-09-25,NYY,FLA,3.0,4.0,9.5,-195.0,168.0
2020-09-25,SFG,SDP,5.0,4.0,6.5,135.0,-160.0
2020-09-25,ATL,BOS,8.0,7.0,10.0,-182.0,159.0
2020-09-25,CLE,PIT,4.0,3.0,7.5,-245.0,205.0
2020-09-25,TEX,HOU,5.0,4.0,9.0,155.0,-182.0
2020-09-25,KCR,DET,3.0,2.0,8.5,-149.0,130.0
2020-09-25,CHW,CHC,0.0,10.0,8.0,144.0,-167.0
2020-09-25,MIN,CIN,2.0,7.0,8.5,-160.0,140.0
2020-09-25,STL,MIL,1.0,9.0,6.5,-110.0,-106.0
2020-09-25,OAK,SEA,3.0,1.0,7.5,-220.0,186.0
2020-09-25,LAD,ANA,9.0,5.0,8.0,-212.0,184.0
2020-09-25,ARI,COL,11.0,5.0,8.0,-149.0,130.0
2020-09-25,SDP,SFG,6.0,5.0,8.5,-175.0,150.0
2020-09-24,PIT,CHC,7.0,0.0,9.0,145.0,-170.0
2020-09-24,SFG,COL,4.0,5.0,9.0,-257.0,219.0
2020-09-24,WSN,NYM,2.0,3.0,9.0,-129.0,114.0
2020-09-24,CLE,CHW,5.0,4.0,7.5,-131.0,115.0
2020-09-24,TOR,NYY,4.0,1.0,9.5,-101.0,-115.0
2020-09-24,ATL,FLA,2.0,4.0,9.0,-170.0,147.0
2020-09-24,BOS,BAL,1.0,13.0,9.5,-160.0,138.0
2020-09-24,TEX,HOU,4.0,12.0,8.0,110.0,-128.0
2020-09-24,KCR,DET,8.0,7.0,9.0,-158.0,140.0
2020-09-24,STL,MIL,4.0,2.0,7.5,124.0,-140.0
2020-09-24,LAD,OAK,5.0,1.0,9.0,-232.0,200.0
2020-09-23,SDP,ANA,2.0,5.0,8.5,-168.0,147.0
2020-09-23,WSN,PHI,3.0,12.0,9.5,143.0,-165.0
2020-09-23,ARI,TEX,7.0,3.0,,,
2020-09-23,CLE,CHW,3.0,2.0,6.5,-168.0,145.0
2020-09-23,TOR,NYY,14.0,1.0,11.0,195.0,-227.0
2020-09-23,SEA,HOU,3.0,2.0,8.5,189.0,-215.0
2020-09-23,CIN,MIL,6.0,1.0,8.5,-178.0,156.0
2020-09-23,PIT,CHC,2.0,1.0,8.5,221.0,-262.0
2020-09-23,NYM,TBD,5.0,8.0,8.5,127.0,-140.0
2020-09-23,ATL,FLA,9.0,4.0,8.0,-166.0,144.0
2020-09-23,BOS,BAL,9.0,1.0,9.0,-173.0,150.0
2020-09-23,MIN,DET,7.0,6.0,8.0,-350.0,286.0
2020-09-23,KCR,STL,12.0,3.0,9.0,115.0,-131.0
2020-09-23,LAD,OAK,4.0,6.0,8.5,-170.0,147.0
2020-09-23,SFG,COL,7.0,2.0,9.0,-190.0,165.0
2020-09-22,WSN,PHI,5.0,1.0,6.5,172.0,-209.0
2020-09-22,CLE,CHW,5.0,3.0,9.5,-123.0,110.0
2020-09-22,WSN,PHI,8.0,7.0,9.0,-177.0,152.0
2020-09-22,TOR,NYY,1.0,12.0,9.5,240.0,-286.0
2020-09-22,CIN,MIL,2.0,3.0,9.0,-157.0,138.0
2020-09-22,PIT,CHC,3.0,2.0,8.5,141.0,-160.0
2020-09-22,NYM,TBD,5.0,2.0,7.5,125.0,-138.0
2020-09-22,ATL,FLA,11.0,1.0,10.5,-163.0,144.0
2020-09-22,BOS,BAL,8.0,3.0,,,
2020-09-22,MIN,DET,5.0,4.0,9.0,-185.0,160.0
2020-09-22,KCR,STL,0.0,5.0,8.5,-108.0,-110.0
2020-09-22,ARI,TEX,7.0,0.0,9.5,-164.0,145.0
2020-09-22,SEA,HOU,1.0,6.0,9.0,180.0,-210.0
2020-09-22,SDP,ANA,2.0,4.0,9.0,-164.0,144.0
2020-09-22,LAD,OAK,7.0,2.0,9.0,-187.0,161.0
2020-09-22,SFG,COL,5.0,2.0,7.5,-165.0,143.0
2020-09-21,ANA,TEX,8.0,5.0,8.5,-227.0,195.0
2020-09-21,WSN,PHI,5.0,1.0,8.5,144.0,-163.0
2020-09-21,CLE,CHW,7.0,4.0,,,
2020-09-21,TOR,NYY,11.0,5.0,10.5,130.0,-148.0
2020-09-21,CIN,MIL,6.0,3.0,7.0,-129.0,112.0
2020-09-21,PIT,CHC,0.0,5.0,,,
2020-09-21,NYM,TBD,1.0,2.0,7.0,-192.0,166.0
2020-09-21,ATL,FLA,5.0,4.0,9.5,-170.0,148.0
2020-09-21,KCR,STL,4.0,1.0,9.0,172.0,-197.0
2020-09-21,SEA,HOU,6.0,1.0,8.0,111.0,-129.0
2020-09-21,SFG,COL,2.0,7.0,8.0,-119.0,102.0
2020-09-20,BAL,TBD,2.0,1.0,8.0,135.0,-152.0
2020-09-20,BOS,NYY,10.0,2.0,,,
2020-09-20,CIN,CHW,7.0,3.0,9.5,-130.0,112.0
2020-09-20,NYM,ATL,0.0,7.0,9.5,-122.0,100.0
2020-09-20,DET,CLE,4.0,7.0,7.5,170.0,-192.0
2020-09-20,FLA,WSN,2.0,1.0,6.0,134.0,-146.0
2020-09-20,MIL,KCR,5.0,3.0,8.5,-165.0,144.0
2020-09-20,HOU,ARI,3.0,2.0,9.5,-214.0,177.0
2020-09-20,PHI,TOR,3.0,6.0,9.5,100.0,-118.0
2020-09-20,COL,LAD,6.0,3.0,12.0,170.0,-200.0
2020-09-20,PIT,STL,1.0,2.0,7.5,145.0,-168.0
2020-09-20,SEA,SDP,4.0,7.0,8.5,234.0,-281.0
2020-09-20,ANA,TEX,2.0,7.0,10.0,-155.0,136.0
2020-09-20,OAK,SFG,2.0,14.0,9.0,-190.0,163.0
2020-09-20,FLA,WSN,0.0,15.0,,,
2020-09-20,CHC,MIN,0.0,4.0,7.5,-160.0,140.0
2020-09-19,OAK,SFG,6.0,0.0,8.0,-160.0,141.0
2020-09-19,PHI,TOR,3.0,1.0,8.0,126.0,-144.0
2020-09-19,DET,CLE,5.0,2.0,7.5,175.0,-201.0
2020-09-19,FLA,WSN,7.0,3.0,7.5,-125.0,106.0
2020-09-19,PIT,STL,4.0,5.0,8.5,145.0,-167.0
2020-09-19,CIN,CHW,0.0,5.0,8.0,-130.0,114.0
2020-09-19,NYM,ATL,7.0,2.0,9.0,143.0,-164.0
2020-09-19,MIL,KCR,5.0,0.0,8.0,-220.0,181.0
2020-09-19,HOU,ARI,3.0,2.0,9.5,-179.0,155.0
2020-09-19,BOS,NYY,0.0,8.0,10.0,170.0,-200.0
2020-09-19,BAL,TBD,1.0,3.0,8.5,162.0,-185.0
2020-09-19,COL,LAD,1.0,6.0,12.0,232.0,-278.0
2020-09-19,CHC,MIN,1.0,8.0,8.0,113.0,-130.0
2020-09-19,ANA,TEX,4.0,3.0,7.5,-161.0,143.0
2020-09-19,SEA,SDP,4.0,1.0,8.5,147.0,-170.0
2020-09-18,PIT,STL,5.0,6.0,7.0,149.0,-168.0
2020-09-18,TOR,PHI,0.0,7.0,,,
2020-09-18,FLA,WSN,0.0,5.0,6.5,-195.0,166.0
2020-09-18,NYM,ATL,2.0,15.0,,,
2020-09-18,DET,CLE,0.0,1.0,8.5,194.0,-232.0
2020-09-18,CIN,CHW,7.0,1.0,9.5,-125.0,110.0
2020-09-18,BOS,NYY,5.0,6.0,10.5,194.0,-232.0
2020-09-18,STL,PIT,7.0,2.0,,,
2020-09-18,BAL,TBD,1.0,2.0,8.5,175.0,-205.0
2020-09-18,PHI,TOR,8.0,7.0,7.0,-110.0,-108.0
2020-09-18,HOU,ARI,3.0,6.0,8.0,-187.0,159.0
2020-09-18,MIL,KCR,9.0,5.0,8.5,-162.0,141.0
2020-09-18,COL,LAD,6.0,15.0,13.5,187.0,-219.0
2020-09-18,CHC,MIN,1.0,0.0,7.0,-120.0,105.0
2020-09-18,FLA,WSN,14.0,3.0,,,
2020-09-18,ANA,TEX,6.0,2.0,9.5,-198.0,172.0
2020-09-18,SEA,SDP,1.0,6.0,8.5,167.0,-192.0
2020-09-18,OAK,SFG,6.0,0.0,8.5,-169.0,148.0
2020-09-17,FLA,BOS,3.0,5.0,9.5,100.0,-116.0
2020-09-17,CHW,MIN,4.0,3.0,8.5,146.0,-172.0
2020-09-17,ANA,ARI,7.0,3.0,10.0,-168.0,146.0
2020-09-17,SEA,SFG,4.0,6.0,9.5,117.0,-133.0
2020-09-17,BAL,TBD,1.0,3.0,6.0,160.0,-180.0
2020-09-17,PIT,STL,5.0,1.0,8.5,142.0,-161.0
2020-09-17,PHI,NYM,6.0,10.0,8.0,-119.0,100.0
2020-09-17,NYY,TOR,10.0,7.0,9.5,-232.0,195.0
2020-09-17,HOU,TEX,2.0,1.0,,,
2020-09-17,DET,CLE,3.0,10.0,,,
2020-09-17,TBD,BAL,10.0,6.0,8.5,-200.0,170.0
2020-09-17,COL,LAD,3.0,9.0,12.0,145.0,-164.0
2020-09-16,TBD,WSN,2.0,4.0,9.0,-185.0,162.0
2020-09-16,COL,OAK,1.0,3.0,11.5,-123.0,106.0
2020-09-16,SDP,LAD,5.0,7.0,9.0,-105.0,-111.0
2020-09-16,MIL,STL,2.0,4.0,6.0,-149.0,130.0
2020-09-16,CIN,PIT,1.0,0.0,,,
2020-09-16,FLA,BOS,8.0,4.0,,,
2020-09-16,NYY,TOR,13.0,2.0,,,
2020-09-16,PHI,NYM,4.0,5.0,7.5,158.0,-185.0
2020-09-16,DET,KCR,0.0,4.0,8.5,-102.0,-115.0
2020-09-16,BAL,ATL,5.0,1.0,10.0,162.0,-185.0
2020-09-16,CHW,MIN,1.0,5.0,8.5,-160.0,138.0
2020-09-16,HOU,TEX,0.0,1.0,9.0,-245.0,205.0
2020-09-16,CHC,CLE,3.0,2.0,8.5,-100.0,-114.0
2020-09-16,MIL,STL,6.0,0.0,8.5,125.0,-144.0
2020-09-16,ANA,ARI,6.0,9.0,9.0,-222.0,189.0
2020-09-16,SEA,SFG,3.0,9.0,,,
2020-09-15,FLA,BOS,0.0,2.0,9.5,-162.0,141.0
2020-09-15,TBD,WSN,6.0,1.0,9.0,-181.0,159.0
2020-09-15,CIN,PIT,4.0,1.0,9.0,-139.0,123.0
2020-09-15,NYY,TOR,20.0,6.0,,,
2020-09-15,PHI,NYM,4.0,1.0,9.5,111.0,-127.0
2020-09-15,DET,KCR,6.0,0.0,8.5,-114.0,100.0
2020-09-15,BAL,ATL,1.0,5.0,10.5,152.0,-175.0
2020-09-15,MIL,STL,18.0,3.0,8.5,119.0,-136.0
2020-09-15,CHW,MIN,6.0,2.0,9.0,-125.0,109.0
2020-09-15,HOU,TEX,4.0,1.0,9.0,-206.0,178.0
2020-09-15,CHC,CLE,6.0,5.0,8.0,-160.0,140.0
2020-09-15,COL,OAK,3.0,1.0,12.0,118.0,-135.0
2020-09-15,SDP,LAD,1.0,3.0,9.0,111.0,-130.0
2020-09-15,ANA,ARI,8.0,9.0,10.5,-154.0,131.0
2020-09-14,FLA,PHI,6.0,2.0,,,
2020-09-14,CIN,PIT,3.0,1.0,6.0,-274.0,220.0
2020-09-14,MIL,STL,2.0,1.0,6.5,-114.0,-110.0
2020-09-14,SEA,OAK,6.0,5.0,,,
2020-09-14,BAL,ATL,14.0,1.0,10.5,151.0,-175.0
2020-09-14,CIN,PIT,9.0,4.0,,,
2020-09-14,CHW,MIN,3.0,1.0,9.0,130.0,-142.0
2020-09-14,SEA,OAK,0.0,9.0,,,
2020-09-14,MIL,STL,2.0,3.0,8.5,125.0,-145.0
2020-09-14,SDP,LAD,7.0,2.0,8.0,121.0,-139.0
2020-09-13,WSN,ATL,4.0,8.0,9.0,-174.0,150.0
2020-09-13,NYY,BAL,3.0,1.0,9.5,-179.0,154.0
2020-09-13,FLA,PHI,2.0,1.0,7.0,-173.0,151.0
2020-09-13,TBD,BOS,3.0,6.0,8.5,-203.0,175.0
2020-09-13,KCR,PIT,11.0,0.0,,,
2020-09-13,MIL,CHC,0.0,12.0,9.5,-124.0,107.0
2020-09-13,MIN,CLE,7.0,5.0,8.5,-138.0,121.0
2020-09-13,CHW,DET,5.0,2.0,9.5,-175.0,152.0
2020-09-13,STL,CIN,5.0,10.0,8.5,-110.0,-106.0
2020-09-13,TEX,OAK,6.0,3.0,8.0,130.0,-148.0
2020-09-13,TOR,NYM,7.0,3.0,9.5,-160.0,138.0
2020-09-13,COL,ANA,3.0,5.0,12.5,144.0,-163.0
2020-09-13,ARI,SEA,3.0,7.0,9.5,-154.0,140.0
2020-09-13,SDP,SFG,6.0,0.0,6.5,-180.0,155.0
2020-09-13,FLA,PHI,8.0,1.0,,,
2020-09-13,SDP,SFG,3.0,1.0,9.0,-172.0,150.0
2020-09-13,LAD,HOU,8.0,1.0,9.0,-139.0,125.0
2020-09-12,NYY,BAL,2.0,1.0,9.0,-189.0,164.0
2020-09-12,TEX,OAK,5.0,2.0,7.5,170.0,-200.0
2020-09-12,WSN,ATL,1.0,2.0,9.5,133.0,-153.0
2020-09-12,FLA,PHI,6.0,12.0,,,
2020-09-12,TOR,NYM,3.0,2.0,9.5,150.0,-168.0
2020-09-12,TBD,BOS,5.0,4.0,,,
2020-09-12,KCR,PIT,7.0,4.0,9.5,-115.0,100.0
2020-09-12,CHW,DET,14.0,0.0,10.5,-193.0,167.0
2020-09-12,MIL,CHC,2.0,4.0,9.0,100.0,-110.0
2020-09-12,LAD,HOU,5.0,7.0,,,
2020-09-12,MIN,CLE,8.0,4.0,,,
2020-09-12,ARI,SEA,3.0,7.0,8.5,-160.0,140.0
2020-09-12,COL,ANA,2.0,5.0,12.5,-140.0,121.0
2020-09-12,STL,CIN,7.0,1.0,8.0,-136.0,117.0
2020-09-12,TEX,OAK,1.0,10.0,9.5,172.0,-205.0
2020-09-11,NYY,BAL,6.0,0.0,6.5,-267.0,222.0
2020-09-11,FLA,PHI,0.0,11.0,6.0,140.0,-165.0
2020-09-11,WSN,ATL,8.0,7.0,,,
2020-09-11,TOR,NYM,1.0,18.0,8.5,192.0,-222.0
2020-09-11,TBD,BOS,11.0,1.0,8.5,-275.0,233.0
2020-09-11,NYY,BAL,10.0,1.0,8.5,-261.0,230.0
2020-09-11,KCR,PIT,4.0,3.0,8.5,-145.0,126.0
2020-09-11,TEX,OAK,6.0,10.0,9.5,160.0,-185.0
2020-09-11,CHW,DET,4.0,3.0,,,
2020-09-11,MIN,CLE,3.0,1.0,6.5,-101.0,-116.0
2020-09-11,MIL,CHC,1.0,0.0,9.0,-174.0,152.0
2020-09-11,STL,CIN,1.0,3.0,7.5,-103.0,-111.0
2020-09-11,FLA,PHI,5.0,3.0,,,
2020-09-11,COL,ANA,8.0,4.0,12.0,-135.0,117.0
2020-09-11,ARI,SEA,4.0,3.0,9.5,-100.0,-115.0
2020-09-10,STL,DET,0.0,0.0,,,
2020-09-10,OAK,HOU,3.0,1.0,9.0,-154.0,132.0
2020-09-10,TEX,ANA,2.0,6.0,8.5,144.0,-166.0
2020-09-10,STL,DET,3.0,6.0,,,
2020-09-10,WSN,ATL,6.0,7.0,11.0,135.0,-157.0
2020-09-10,CLE,KCR,1.0,11.0,7.5,-235.0,200.0
2020-09-10,FLA,PHI,7.0,6.0,8.5,-108.0,-108.0
2020-09-10,TBD,BOS,3.0,4.0,9.5,-200.0,173.0
2020-09-10,CHC,CIN,8.0,5.0,,,
2020-09-10,SDP,SFG,6.0,1.0,9.0,-187.0,163.0
2020-09-10,ARI,LAD,5.0,2.0,9.5,207.0,-242.0
2020-09-09,DET,MIL,0.0,19.0,7.5,130.0,-154.0
2020-09-09,CLE,KCR,0.0,3.0,8.0,-226.0,190.0
2020-09-09,TOR,NYY,2.0,7.0,10.0,133.0,-148.0
2020-09-09,PIT,CHW,1.0,8.0,9.0,143.0,-163.0
2020-09-09,ATL,FLA,29.0,9.0,,,
2020-09-09,NYM,BAL,7.0,6.0,9.5,-200.0,169.0
2020-09-09,TEX,ANA,7.0,3.0,9.5,100.0,-117.0
2020-09-09,SDP,COL,5.0,3.0,,,
2020-09-09,CHC,CIN,0.0,3.0,6.5,-155.0,136.0
2020-09-09,OAK,HOU,3.0,2.0,9.0,-190.0,164.0
2020-09-09,ARI,LAD,4.0,6.0,9.0,260.0,-312.0
2020-09-09,SFG,SEA,10.0,1.0,9.0,-140.0,121.0
2020-09-08,STL,MIN,0.0,0.0,6.5,118.0,-135.0
2020-09-08,PHI,BOS,0.0,0.0,7.5,-195.0,165.0
2020-09-08,WSN,TBD,5.0,3.0,9.5,130.0,-150.0
2020-09-08,CLE,KCR,6.0,8.0,8.5,-214.0,182.0
2020-09-08,HOU,OAK,0.0,0.0,8.5,-110.0,-107.0
2020-09-08,TOR,NYY,2.0,1.0,,,
2020-09-08,STL,MIN,0.0,0.0,7.0,125.0,-145.0
2020-09-08,PIT,CHW,5.0,4.0,,,
2020-09-08,DET,MIL,8.0,3.0,9.0,135.0,-153.0
2020-09-08,ATL,FLA,0.0,8.0,9.5,-120.0,103.0
2020-09-08,NYM,BAL,2.0,11.0,9.0,-182.0,158.0
2020-09-08,PHI,BOS,2.0,5.0,8.0,-177.0,154.0
2020-09-08,TEX,ANA,0.0,0.0,,,
2020-09-08,CHC,CIN,3.0,0.0,7.5,-105.0,-111.0
2020-09-08,SDP,COL,14.0,5.0,9.0,-241.0,206.0
2020-09-08,ARI,LAD,9.0,10.0,9.5,213.0,-250.0
2020-09-08,OAK,HOU,4.0,5.0,8.0,-149.0,132.0
2020-09-08,SFG,SEA,6.0,5.0,9.0,-165.0,143.0
2020-09-07,ATL,FLA,4.0,5.0,9.0,-235.0,200.0
2020-09-07,NYM,PHI,8.0,9.0,9.5,110.0,-128.0
2020-09-07,MIN,DET,6.0,2.0,8.5,-213.0,180.0
2020-09-07,CHC,STL,5.0,1.0,8.0,-180.0,156.0
2020-09-07,SEA,TEX,8.0,4.0,8.0,-152.0,132.0
2020-09-07,WSN,TBD,6.0,1.0,8.0,-114.0,-105.0
2020-09-07,CLE,KCR,5.0,2.0,8.0,-220.0,185.0
2020-09-07,TOR,NYY,12.0,7.0,9.0,-130.0,114.0
2020-09-07,SFG,ARI,4.0,2.0,7.5,-120.0,104.0
2020-09-07,SDP,COL,1.0,0.0,8.5,-205.0,170.0
2020-09-07,OAK,HOU,6.0,0.0,9.5,-139.0,123.0
2020-09-06,BAL,NYY,5.0,1.0,9.0,177.0,-210.0
2020-09-06,CLE,MIL,4.0,1.0,7.5,-272.0,222.0
2020-09-06,ATL,WSN,10.0,3.0,9.5,-149.0,130.0
2020-09-06,TBD,FLA,5.0,4.0,7.5,-229.0,190.0
2020-09-06,NYM,PHI,14.0,1.0,7.5,-160.0,140.0
2020-09-06,BOS,TOR,8.0,10.0,11.0,111.0,-127.0
2020-09-06,PIT,CIN,3.0,2.0,9.5,139.0,-161.0
2020-09-06,KCR,CHW,2.0,8.0,11.0,185.0,-221.0
2020-09-06,MIN,DET,8.0,10.0,9.0,-197.0,166.0
2020-09-06,SFG,ARI,4.0,2.0,9.5,-154.0,132.0
2020-09-06,ANA,HOU,9.0,5.0,10.0,155.0,-180.0
2020-09-06,SEA,TEX,4.0,3.0,9.0,-139.0,118.0
2020-09-06,OAK,SDP,3.0,5.0,10.5,-107.0,-107.0
2020-09-06,CHC,STL,3.0,7.0,12.5,-109.0,-105.0
2020-09-06,LAD,COL,6.0,7.0,9.5,-305.0,243.0
2020-09-05,OAK,SDP,8.0,4.0,9.0,-125.0,105.0
2020-09-05,CHC,STL,2.0,4.0,6.0,-111.0,-103.0
2020-09-05,TBD,FLA,3.0,7.0,7.5,-235.0,200.0
2020-09-05,PIT,CIN,2.0,6.0,9.5,110.0,-125.0
2020-09-05,KCR,CHW,3.0,5.0,9.5,195.0,-235.0
2020-09-05,ANA,HOU,0.0,0.0,7.5,-110.0,-105.0
2020-09-05,NYM,PHI,5.0,1.0,9.0,-161.0,140.0
2020-09-05,CLE,MIL,4.0,3.0,8.0,-115.0,102.0
2020-09-05,ATL,WSN,4.0,10.0,9.5,-300.0,250.0
2020-09-05,MIN,DET,4.0,3.0,8.5,-320.0,265.0
2020-09-05,BOS,TOR,9.0,8.0,10.5,115.0,-135.0
2020-09-05,BAL,NYY,6.0,1.0,8.5,210.0,-260.0
2020-09-05,STL,CHC,5.0,1.0,,,
2020-09-05,SEA,TEX,5.0,3.0,8.0,-145.0,125.0
2020-09-05,LAD,COL,2.0,5.0,9.0,-194.0,165.0
2020-09-05,SFG,ARI,4.0,3.0,9.5,-139.0,120.0
2020-09-05,HOU,ANA,6.0,7.0,,,
2020-09-04,MIN,DET,0.0,0.0,7.0,-175.0,150.0
2020-09-04,PIT,CIN,0.0,0.0,,,
2020-09-04,BOS,TOR,0.0,0.0,8.5,-103.0,-120.0
2020-09-04,ATL,WSN,0.0,0.0,8.5,-176.0,152.0
2020-09-04,BAL,NYY,5.0,6.0,,,
2020-09-04,DET,MIN,0.0,0.0,7.5,149.0,-162.0
2020-09-04,TBD,FLA,5.0,4.0,7.5,-139.0,116.0
2020-09-04,NYM,PHI,3.0,5.0,10.0,-140.0,125.0
2020-09-04,CLE,MIL,1.0,7.0,7.5,-148.0,130.0
2020-09-04,CIN,PIT,0.0,0.0,8.5,-210.0,188.0
2020-09-04,ATL,WSN,0.0,0.0,10.5,-138.0,120.0
2020-09-04,TOR,BOS,0.0,0.0,10.0,-207.0,175.0
2020-09-04,KCR,CHW,4.0,7.0,9.0,145.0,-168.0
2020-09-04,CHC,STL,4.0,1.0,8.5,-144.0,126.0
2020-09-04,BAL,NYY,0.0,0.0,,,
2020-09-04,ANA,HOU,6.0,5.0,8.5,-103.0,-115.0
2020-09-04,SEA,TEX,6.0,3.0,8.5,-129.0,110.0
2020-09-04,LAD,COL,10.0,6.0,9.0,-250.0,210.0
2020-09-04,OAK,SDP,0.0,7.0,8.0,-148.0,130.0
2020-09-04,SFG,ARI,5.0,6.0,9.0,-144.0,125.0
2020-09-03,PIT,CHC,6.0,2.0,9.5,145.0,-170.0
2020-09-03,HOU,TEX,8.0,4.0,7.5,-165.0,142.0
2020-09-03,PHI,WSN,6.0,5.0,10.5,-180.0,155.0
2020-09-03,NYM,NYY,9.0,7.0,,,
2020-09-03,ANA,SDP,2.0,0.0,8.5,125.0,-149.0
2020-09-03,BOS,TOR,2.0,6.0,,,
2020-09-03,KCR,CHW,6.0,11.0,9.5,125.0,-143.0
2020-09-03,LAD,ARI,5.0,1.0,8.5,-310.0,250.0
2020-09-02,COL,SFG,9.0,6.0,,,
2020-09-02,BAL,NYM,4.0,9.0,10.0,135.0,-158.0
2020-09-02,CIN,STL,4.0,3.0,10.0,-152.0,132.0
2020-09-02,FLA,TOR,1.0,2.0,7.0,-105.0,-115.0
2020-09-02,NYY,TBD,2.0,5.0,9.0,-130.0,110.0
2020-09-02,PHI,WSN,3.0,0.0,8.5,-105.0,-120.0
2020-09-02,PIT,CHC,2.0,8.0,9.0,152.0,-180.0
2020-09-02,BOS,ATL,5.0,7.0,11.5,130.0,-150.0
2020-09-02,MIL,DET,8.0,5.0,9.0,-182.0,155.0
2020-09-02,KCR,CLE,0.0,5.0,9.0,140.0,-161.0
2020-09-02,HOU,TEX,2.0,1.0,,,
2020-09-02,MIN,CHW,8.0,1.0,9.5,-175.0,148.0
2020-09-02,LAD,ARI,3.0,2.0,8.0,-213.0,180.0
2020-09-02,ANA,SDP,4.0,11.0,9.5,175.0,-213.0
2020-09-01,CIN,STL,2.0,16.0,9.0,-168.0,146.0
2020-09-01,FLA,TOR,3.0,2.0,8.5,-130.0,112.0
2020-09-01,PHI,WSN,6.0,0.0,8.5,-154.0,133.0
2020-09-01,PIT,CHC,7.0,8.0,10.0,155.0,-180.0
2020-09-01,NYY,TBD,5.0,3.0,9.0,-155.0,135.0
2020-09-01,BOS,ATL,3.0,10.0,9.5,155.0,-182.0
2020-09-01,BAL,NYM,9.0,5.0,10.5,123.0,-141.0
2020-09-01,MIL,DET,1.0,12.0,9.5,-194.0,170.0
2020-09-01,KCR,CLE,1.0,10.0,9.0,171.0,-210.0
2020-09-01,MIN,CHW,3.0,2.0,9.0,-106.0,-110.0
2020-09-01,HOU,TEX,5.0,6.0,9.0,-280.0,230.0
2020-09-01,COL,SFG,5.0,23.0,11.5,-105.0,-110.0
2020-09-01,LAD,ARI,6.0,3.0,8.5,-220.0,187.0
2020-08-31,NYM,FLA,3.0,5.0,9.0,-133.0,116.0
2020-08-31,TOR,BAL,3.0,4.0,10.5,-175.0,148.0
2020-08-31,ANA,SEA,1.0,2.0,9.0,-150.0,130.0
2020-08-31,CIN,STL,5.0,7.0,9.5,-110.0,-106.0
2020-08-31,PHI,WSN,8.0,6.0,10.5,-155.0,130.0
2020-08-31,NYY,TBD,3.0,5.0,7.5,-155.0,135.0
2020-08-31,BOS,ATL,3.0,6.0,9.0,178.0,-210.0
2020-08-31,MIL,PIT,6.0,5.0,8.5,-215.0,180.0
2020-08-31,KCR,CLE,2.0,1.0,7.5,205.0,-250.0
2020-08-31,MIN,CHW,5.0,8.0,8.5,105.0,-115.0
2020-08-31,COL,SDP,0.0,6.0,12.0,-120.0,107.0
2020-08-30,NYY,NYM,0.0,0.0,8.0,-107.0,-101.0
2020-08-30,CIN,CHC,1.0,10.0,,,
2020-08-30,DET,MIN,3.0,2.0,8.5,186.0,-220.0
2020-08-30,FLA,TBD,7.0,12.0,7.0,158.0,-183.0
2020-08-30,BOS,WSN,9.0,5.0,11.0,-110.0,-105.0
2020-08-30,MIL,PIT,1.0,5.0,8.5,-280.0,235.0
2020-08-30,CHW,KCR,5.0,2.0,9.5,-181.0,156.0
2020-08-30,STL,CLE,7.0,2.0,8.0,108.0,-125.0
2020-08-30,TEX,LAD,2.0,7.0,9.5,195.0,-230.0
2020-08-30,TOR,BAL,6.0,5.0,10.5,-155.0,136.0
2020-08-30,COL,SDP,2.0,13.0,,,
2020-08-30,ARI,SFG,1.0,4.0,9.5,-125.0,108.0
2020-08-30,ANA,SEA,1.0,2.0,10.0,-200.0,170.0
2020-08-30,NYM,NYY,0.0,0.0,,,
2020-08-30,PHI,ATL,10.0,12.0,9.5,100.0,-114.0
2020-08-29,NYY,NYM,2.0,1.0,10.5,-115.0,-105.0
2020-08-29,DET,MIN,0.0,0.0,7.0,131.0,-150.0
2020-08-29,STL,CLE,1.0,2.0,,,
2020-08-29,PHI,ATL,4.0,1.0,10.5,-130.0,115.0
2020-08-29,CHW,KCR,6.0,9.0,10.0,-168.0,146.0
2020-08-29,CIN,CHC,0.0,0.0,6.0,-105.0,-110.0
2020-08-29,HOU,OAK,0.0,0.0,6.5,-112.0,110.0
2020-08-29,DET,MIN,0.0,0.0,7.0,143.0,-162.0
2020-08-29,FLA,TBD,0.0,4.0,8.5,-116.0,102.0
2020-08-29,TOR,BAL,5.0,0.0,10.0,-154.0,134.0
2020-08-29,TEX,LAD,4.0,7.0,8.5,134.0,-155.0
2020-08-29,MIL,PIT,7.0,6.0,9.0,-199.0,170.0
2020-08-29,BOS,WSN,5.0,3.0,11.5,105.0,-118.0
2020-08-29,CIN,CHC,0.0,0.0,8.5,-120.0,102.0
2020-08-29,HOU,OAK,0.0,0.0,9.0,-109.0,-106.0
2020-08-29,COL,SDP,4.0,3.0,13.0,-105.0,-112.0
2020-08-29,ARI,SFG,2.0,5.0,9.5,-156.0,136.0
2020-08-29,ANA,SEA,16.0,3.0,9.0,-195.0,165.0
2020-08-28,NYY,NYM,0.0,0.0,8.0,-133.0,115.0
2020-08-28,TOR,BAL,5.0,4.0,9.5,-240.0,207.0
2020-08-28,PHI,ATL,7.0,4.0,9.5,-142.0,124.0
2020-08-28,FLA,TBD,0.0,2.0,8.5,115.0,-134.0
2020-08-28,CIN,CHC,6.0,5.0,9.0,129.0,-146.0
2020-08-28,BOS,WSN,2.0,10.0,9.5,139.0,-160.0
2020-08-28,NYM,NYY,0.0,0.0,9.5,-113.0,104.0
2020-08-28,TEX,LAD,6.0,2.0,9.0,203.0,-242.0
2020-08-28,MIL,PIT,9.0,1.0,9.0,-210.0,177.0
2020-08-28,CHW,KCR,6.0,5.0,10.0,-149.0,130.0
2020-08-28,STL,CLE,2.0,14.0,8.5,117.0,-135.0
2020-08-28,COL,SDP,4.0,10.0,11.5,-110.0,-104.0
2020-08-28,ANA,SEA,3.0,2.0,9.0,-207.0,175.0
2020-08-28,ARI,SFG,7.0,4.0,9.0,-194.0,165.0
2020-08-27,SDP,SEA,0.0,0.0,6.5,-245.0,215.0
2020-08-27,STL,PIT,0.0,0.0,,,
2020-08-27,SFG,LAD,0.0,0.0,6.5,210.0,-250.0
2020-08-27,MIL,CIN,0.0,0.0,,,
2020-08-27,SDP,SEA,0.0,0.0,,,
2020-08-27,STL,PIT,0.0,0.0,,,
2020-08-27,SFG,LAD,0.0,0.0,6.5,152.0,-172.0
2020-08-27,MIL,CIN,0.0,0.0,8.5,107.0,-125.0
2020-08-26,CHW,PIT,10.0,3.0,9.0,-230.0,195.0
2020-08-26,ATL,NYY,0.0,0.0,6.5,157.0,-180.0
2020-08-26,WSN,PHI,2.0,3.0,,,
2020-08-26,TOR,BOS,9.0,1.0,11.0,-121.0,105.0
2020-08-26,TBD,BAL,4.0,3.0,9.0,-177.0,151.0
2020-08-26,DET,CHC,7.0,6.0,,,
2020-08-26,NYM,FLA,5.0,4.0,7.5,-285.0,237.0
2020-08-26,CLE,MIN,6.0,3.0,9.0,-105.0,-110.0
2020-08-26,ATL,NYY,0.0,0.0,8.0,100.0,-115.0
2020-08-26,TEX,OAK,1.0,3.0,10.0,120.0,-133.0
2020-08-26,STL,KCR,6.0,5.0,9.0,-177.0,151.0
2020-08-26,ARI,COL,7.0,8.0,10.5,-134.0,116.0
2020-08-25,HOU,ANA,0.0,0.0,7.5,-149.0,132.0
2020-08-25,NYM,FLA,0.0,0.0,7.5,-200.0,170.0
2020-08-25,WSN,PHI,3.0,8.0,11.0,108.0,-125.0
2020-08-25,TOR,BOS,7.0,9.0,11.5,-126.0,108.0
2020-08-25,TBD,BAL,4.0,2.0,7.5,-220.0,186.0
2020-08-25,DET,CHC,7.0,1.0,9.5,121.0,-140.0
2020-08-25,CLE,MIN,4.0,2.0,8.0,-177.0,152.0
2020-08-25,HOU,ANA,0.0,0.0,,,
2020-08-25,TEX,OAK,3.0,10.0,8.5,144.0,-167.0
2020-08-25,MIL,CIN,3.0,2.0,8.0,-114.0,-101.0
2020-08-25,CHW,PIT,4.0,0.0,9.0,-262.0,223.0
2020-08-25,STL,KCR,4.0,5.0,9.0,-210.0,180.0
2020-08-25,FLA,NYM,0.0,0.0,9.5,165.0,-185.0
2020-08-25,SDP,SEA,3.0,8.0,8.0,-214.0,180.0
2020-08-25,ARI,COL,4.0,5.0,9.5,-107.0,-107.0
2020-08-25,SFG,LAD,10.0,8.0,9.0,189.0,-220.0
2020-08-24,TBD,TOR,4.0,6.0,8.5,-222.0,190.0
2020-08-24,WSN,FLA,8.0,11.0,9.0,-115.0,104.0
2020-08-24,DET,CHC,3.0,9.0,9.5,115.0,-129.0
2020-08-24,CLE,MIN,2.0,3.0,8.5,114.0,-130.0
2020-08-24,TEX,OAK,3.0,2.0,7.5,130.0,-148.0
2020-08-24,MIL,CIN,4.0,2.0,8.5,134.0,-151.0
2020-08-24,STL,KCR,9.0,3.0,8.0,-180.0,155.0
2020-08-24,HOU,ANA,11.0,4.0,9.5,-159.0,140.0
2020-08-24,ARI,COL,2.0,3.0,10.0,-170.0,142.0
2020-08-23,WSN,FLA,9.0,3.0,11.0,-153.0,133.0
2020-08-23,BAL,BOS,5.0,4.0,,,
2020-08-23,CLE,DET,4.0,7.0,,,
2020-08-23,TBD,TOR,5.0,4.0,9.0,-155.0,135.0
2020-08-23,PIT,MIL,5.0,4.0,9.0,163.0,-189.0
2020-08-23,KCR,MIN,4.0,5.0,10.0,127.0,-138.0
2020-08-23,STL,CIN,6.0,2.0,9.0,-115.0,103.0
2020-08-23,CHC,CHW,2.0,1.0,10.5,-177.0,156.0
2020-08-23,LAD,COL,11.0,3.0,8.5,-250.0,217.0
2020-08-23,SFG,ARI,6.0,1.0,9.0,109.0,-125.0
2020-08-23,SEA,TEX,4.0,1.0,8.5,116.0,-135.0
2020-08-23,SDP,HOU,5.0,3.0,8.5,108.0,-123.0
2020-08-23,OAK,ANA,5.0,4.0,8.5,-146.0,127.0
2020-08-23,ATL,PHI,4.0,5.0,9.5,-110.0,-105.0
2020-08-22,WSN,FLA,0.0,0.0,6.5,-269.0,222.0
2020-08-22,PIT,MIL,12.0,5.0,9.5,150.0,-171.0
2020-08-22,OAK,ANA,3.0,4.0,10.0,-155.0,137.0
2020-08-22,TBD,TOR,2.0,1.0,8.5,101.0,-119.0
2020-08-22,KCR,MIN,2.0,7.0,9.5,138.0,-160.0
2020-08-22,CLE,DET,6.0,1.0,9.5,-179.0,151.0
2020-08-22,ATL,PHI,6.0,5.0,9.0,100.0,-117.0
2020-08-22,FLA,WSN,0.0,0.0,,,
2020-08-22,BAL,BOS,5.0,4.0,10.0,-106.0,-110.0
2020-08-22,STL,CIN,3.0,0.0,9.5,-136.0,120.0
2020-08-22,CHC,CHW,4.0,7.0,10.5,-191.0,165.0
2020-08-22,SDP,HOU,13.0,2.0,9.5,-127.0,111.0
2020-08-22,SEA,TEX,10.0,1.0,8.5,-141.0,124.0
2020-08-22,LAD,COL,4.0,3.0,8.5,-223.0,191.0
2020-08-22,SFG,ARI,5.0,1.0,8.5,148.0,-170.0
2020-08-21,WSN,FLA,2.0,3.0,8.5,-207.0,177.0
2020-08-21,TBD,TOR,5.0,6.0,8.5,-161.0,140.0
2020-08-21,PIT,MIL,7.0,2.0,8.5,126.0,-143.0
2020-08-21,ATL,PHI,11.0,2.0,7.5,-114.0,100.0
2020-08-21,CLE,DET,5.0,10.0,9.5,-210.0,177.0
2020-08-21,BAL,BOS,5.0,8.0,9.5,115.0,-129.0
2020-08-21,KCR,MIN,7.0,2.0,9.0,127.0,-145.0
2020-08-21,STL,CIN,2.0,4.0,9.0,-114.0,100.0
2020-08-21,CHC,CHW,1.0,10.0,9.5,-107.0,-109.0
2020-08-21,SEA,TEX,7.0,4.0,8.5,115.0,-130.0
2020-08-21,SDP,HOU,4.0,3.0,9.0,-125.0,109.0
2020-08-21,OAK,ANA,5.0,3.0,9.5,-109.0,-108.0
2020-08-21,LAD,COL,5.0,1.0,9.5,-250.0,217.0
2020-08-21,SFG,ARI,6.0,2.0,9.5,101.0,-115.0
2020-08-20,NYY,TBD,5.0,10.0,9.5,-144.0,126.0
2020-08-20,TOR,PHI,0.0,0.0,,,
2020-08-20,CHW,DET,9.0,0.0,8.5,-167.0,145.0
2020-08-20,COL,HOU,8.0,10.0,,,
2020-08-20,TOR,PHI,0.0,0.0,,,
2020-08-20,PIT,CLE,0.0,2.0,7.5,241.0,-278.0
2020-08-20,MIN,MIL,7.0,1.0,,,
2020-08-20,SEA,LAD,1.0,6.0,8.5,269.0,-320.0
2020-08-20,BAL,BOS,1.0,7.0,9.5,130.0,-149.0
2020-08-20,SDP,TEX,8.0,7.0,8.0,-200.0,180.0
2020-08-20,STL,CIN,5.0,4.0,8.0,123.0,-140.0
2020-08-20,OAK,ARI,5.0,1.0,9.0,-167.0,145.0
2020-08-20,SFG,ANA,10.0,5.0,9.0,-130.0,115.0
2020-08-19,BAL,TOR,2.0,5.0,10.0,-120.0,105.0
2020-08-19,BOS,PHI,6.0,3.0,11.0,148.0,-170.0
2020-08-19,CHC,STL,0.0,0.0,6.0,112.0,-126.0
2020-08-19,KCR,CIN,0.0,0.0,6.5,150.0,-177.0
2020-08-19,STL,CHC,0.0,0.0,,,
2020-08-19,PIT,CLE,1.0,6.0,,,
2020-08-19,NYY,TBD,2.0,4.0,8.5,-177.0,158.0
2020-08-19,FLA,NYM,3.0,5.0,7.5,189.0,-218.0
2020-08-19,CHW,DET,5.0,3.0,9.0,-155.0,135.0
2020-08-19,MIN,MIL,3.0,9.0,9.5,-161.0,144.0
2020-08-19,KCR,CIN,0.0,5.0,6.5,135.0,-150.0
2020-08-19,COL,HOU,6.0,13.0,12.0,130.0,-147.0
2020-08-19,SDP,TEX,6.0,3.0,8.0,-138.0,120.0
2020-08-19,OAK,ARI,4.0,1.0,,,
2020-08-19,SEA,LAD,6.0,4.0,9.0,209.0,-240.0
2020-08-19,SFG,ANA,7.0,2.0,9.0,135.0,-151.0
2020-08-18,HOU,COL,2.0,1.0,8.5,-200.0,175.0
2020-08-18,TEX,SDP,4.0,6.0,9.0,105.0,-120.0
2020-08-18,ANA,SFG,2.0,8.0,9.5,-245.0,210.0
2020-08-18,ARI,OAK,10.0,1.0,9.0,140.0,-154.0
2020-08-18,PIT,CLE,3.0,6.0,,,
2020-08-18,NYY,TBD,3.0,6.0,8.5,110.0,-122.0
2020-08-18,LAD,SEA,2.0,1.0,9.5,-250.0,213.0
2020-08-18,ATL,WSN,5.0,8.0,9.5,-128.0,112.0
2020-08-18,FLA,NYM,3.0,8.0,10.0,140.0,-156.0
2020-08-18,BOS,PHI,6.0,13.0,11.0,118.0,-135.0
2020-08-18,BAL,TOR,7.0,8.0,9.5,108.0,-123.0
2020-08-18,CHW,DET,10.0,4.0,,,
2020-08-18,MIN,MIL,4.0,3.0,8.5,-153.0,140.0
2020-08-18,CHC,STL,6.0,3.0,,,
2020-08-17,CHC,STL,0.0,0.0,6.5,-179.0,157.0
2020-08-17,NYY,BOS,6.0,3.0,9.5,-160.0,140.0
2020-08-17,ATL,WSN,7.0,6.0,,,
2020-08-17,FLA,NYM,4.0,11.0,9.0,145.0,-162.0
2020-08-17,BAL,TOR,2.0,7.0,9.0,117.0,-128.0
2020-08-17,CHW,DET,7.0,2.0,9.5,-172.0,150.0
2020-08-17,MIN,KCR,4.0,1.0,9.5,-167.0,145.0
2020-08-17,STL,CHC,0.0,0.0,8.5,108.0,-120.0
2020-08-17,TEX,SDP,4.0,14.0,9.0,125.0,-139.0
2020-08-17,HOU,COL,2.0,1.0,9.5,-163.0,147.0
2020-08-17,ARI,OAK,4.0,3.0,9.0,-117.0,105.0
2020-08-17,LAD,SEA,11.0,9.0,10.0,-340.0,274.0
2020-08-17,ANA,SFG,7.0,6.0,10.0,-180.0,159.0
2020-08-16,BAL,WSN,5.0,6.0,8.0,152.0,-172.0
2020-08-16,PHI,NYM,6.0,2.0,9.0,-145.0,132.0
2020-08-16,DET,CLE,5.0,8.0,9.0,132.0,-145.0
2020-08-16,FLA,ATL,0.0,4.0,8.5,110.0,-128.0
2020-08-16,CHW,STL,7.0,2.0,9.5,-154.0,134.0
2020-08-16,HOU,SEA,3.0,2.0,9.0,-230.0,200.0
2020-08-16,MIN,KCR,4.0,2.0,9.5,-184.0,160.0
2020-08-16,CHC,MIL,5.0,6.0,9.0,-125.0,107.0
2020-08-16,COL,TEX,10.0,6.0,12.5,-135.0,116.0
2020-08-16,TOR,TBD,0.0,0.0,8.5,110.0,-130.0
2020-08-16,SFG,OAK,3.0,15.0,9.5,105.0,-125.0
2020-08-16,ARI,SDP,5.0,4.0,9.5,106.0,-122.0
2020-08-16,ANA,LAD,3.0,8.0,10.0,170.0,-200.0
2020-08-16,NYY,BOS,4.0,2.0,10.5,-162.0,142.0
2020-08-15,CHW,STL,0.0,0.0,7.0,-160.0,141.0
2020-08-15,MIN,KCR,0.0,0.0,8.0,-190.0,165.0
2020-08-15,CHC,MIL,5.0,6.0,9.5,-106.0,-110.0
2020-08-15,CHW,STL,0.0,0.0,,,
2020-08-15,MIN,KCR,2.0,4.0,10.0,-190.0,165.0
2020-08-15,PHI,NYM,6.0,2.0,9.0,-175.0,150.0
2020-08-15,FLA,ATL,1.0,2.0,8.5,180.0,-210.0
2020-08-15,DET,CLE,1.0,3.0,7.5,163.0,-189.0
2020-08-15,NYY,BOS,11.0,5.0,9.0,-157.0,135.0
2020-08-15,SFG,OAK,6.0,7.0,8.5,103.0,-120.0
2020-08-15,HOU,SEA,2.0,1.0,9.5,-235.0,202.0
2020-08-15,BAL,WSN,7.0,3.0,,,
2020-08-15,COL,TEX,4.0,6.0,11.5,-185.0,163.0
2020-08-15,ARI,SDP,7.0,6.0,10.5,-102.0,-112.0
2020-08-15,ANA,LAD,5.0,6.0,9.5,136.0,-152.0
2020-08-14,TOR,TBD,12.0,4.0,11.0,122.0,-139.0
2020-08-14,PHI,NYM,6.0,5.0,10.0,-127.0,114.0
2020-08-14,NYY,BOS,10.0,3.0,8.5,-320.0,262.0
2020-08-14,FLA,ATL,8.0,2.0,,,
2020-08-14,DET,CLE,5.0,10.0,8.5,183.0,-210.0
2020-08-14,CIN,PIT,8.0,1.0,8.0,-205.0,176.0
2020-08-14,BAL,WSN,3.0,15.0,9.0,150.0,-170.0
2020-08-14,CHC,MIL,3.0,4.0,8.0,114.0,-130.0
2020-08-14,COL,TEX,2.0,3.0,12.5,115.0,-126.0
2020-08-14,HOU,SEA,11.0,1.0,9.0,-255.0,225.0
2020-08-14,ARI,SDP,5.0,1.0,,,
2020-08-14,ANA,LAD,4.0,7.0,9.5,152.0,-170.0
2020-08-14,SFG,OAK,7.0,8.0,8.5,180.0,-205.0
2020-08-13,NYM,WSN,8.0,2.0,9.0,-127.0,114.0
2020-08-13,DET,STL,0.0,0.0,,,
2020-08-13,PHI,BAL,4.0,11.0,9.5,-217.0,185.0
2020-08-13,BOS,TBD,8.0,17.0,9.0,145.0,-162.0
2020-08-13,DET,STL,0.0,0.0,,,
2020-08-13,CIN,PIT,6.0,9.0,9.0,-172.0,152.0
2020-08-13,CHC,MIL,4.0,2.0,8.5,-172.0,150.0
2020-08-13,LAD,SDP,11.0,2.0,8.0,-147.0,130.0
2020-08-12,DET,CHW,5.0,7.0,9.0,120.0,-132.0
2020-08-12,COL,ARI,7.0,13.0,12.5,-104.0,-111.0
2020-08-12,ANA,OAK,4.0,8.0,9.5,-106.0,-110.0
2020-08-12,CLE,CHC,2.0,7.0,7.5,-120.0,108.0
2020-08-12,TOR,FLA,11.0,14.0,8.5,-165.0,143.0
2020-08-12,CIN,KCR,4.0,5.0,9.5,-114.0,102.0
2020-08-12,PHI,BAL,4.0,5.0,10.0,-189.0,167.0
2020-08-12,NYY,ATL,6.0,3.0,9.0,-170.0,154.0
2020-08-12,NYM,WSN,11.0,6.0,,,
2020-08-12,HOU,SFG,5.0,1.0,9.0,-200.0,170.0
2020-08-12,MIL,MIN,2.0,12.0,9.0,120.0,-135.0
2020-08-12,BOS,TBD,5.0,9.0,9.5,135.0,-155.0
2020-08-12,TEX,SEA,7.0,4.0,,,
2020-08-12,LAD,SDP,6.0,0.0,9.5,-164.0,146.0
2020-08-11,TOR,FLA,5.0,4.0,8.5,-160.0,140.0
2020-08-11,CIN,KCR,6.0,5.0,8.5,-188.0,166.0
2020-08-11,NYY,ATL,9.0,6.0,9.5,-150.0,130.0
2020-08-11,PHI,BAL,9.0,10.0,8.5,-200.0,177.0
2020-08-11,CLE,CHC,1.0,7.0,9.0,-100.0,-112.0
2020-08-11,DET,CHW,4.0,8.0,9.0,110.0,-125.0
2020-08-11,NYM,WSN,1.0,2.0,8.5,144.0,-165.0
2020-08-11,BOS,TBD,2.0,8.0,10.5,104.0,-120.0
2020-08-11,MIL,MIN,6.0,4.0,9.0,-118.0,-105.0
2020-08-11,COL,ARI,8.0,7.0,11.5,-105.0,-109.0
2020-08-11,TEX,SEA,4.0,2.0,8.5,-130.0,116.0
2020-08-11,HOU,SFG,6.0,7.0,9.5,-175.0,150.0
2020-08-11,LAD,SDP,2.0,6.0,8.5,-167.0,145.0
2020-08-11,ANA,OAK,6.0,0.0,9.0,-161.0,142.0
2020-08-10,PHI,ATL,13.0,8.0,9.0,-148.0,135.0
2020-08-10,DET,CHW,5.0,1.0,9.0,120.0,-137.0
2020-08-10,NYM,WSN,4.0,16.0,8.5,107.0,-122.0
2020-08-10,BOS,TBD,7.0,8.0,9.5,115.0,-127.0
2020-08-10,MIL,MIN,2.0,4.0,8.5,-113.0,103.0
2020-08-10,COL,ARI,8.0,12.0,11.5,-135.0,123.0
2020-08-10,TEX,SEA,2.0,10.0,9.0,-180.0,163.0
2020-08-10,HOU,SFG,6.0,4.0,9.0,-200.0,174.0
2020-08-10,LAD,SDP,1.0,2.0,8.5,-202.0,182.0
2020-08-10,ANA,OAK,10.0,9.0,9.5,110.0,-123.0
2020-08-09,PHI,ATL,0.0,0.0,8.0,104.0,-113.0
2020-08-09,TBD,NYY,4.0,3.0,8.5,-111.0,102.0
2020-08-09,NYM,FLA,4.0,2.0,7.0,-250.0,212.0
2020-08-09,BOS,TOR,5.0,3.0,,,
2020-08-09,PIT,DET,1.0,2.0,9.0,130.0,-146.0
2020-08-09,KCR,MIN,4.0,2.0,9.5,141.0,-159.0
2020-08-09,MIL,CIN,9.0,3.0,7.0,-115.0,101.0
2020-08-09,TEX,ANA,7.0,3.0,7.5,-102.0,-115.0
2020-08-09,SEA,COL,5.0,3.0,,,
2020-08-09,OAK,HOU,7.0,2.0,,,
2020-08-09,SDP,ARI,9.0,5.0,8.0,-190.0,165.0
2020-08-09,LAD,SFG,6.0,2.0,8.5,-260.0,220.0
2020-08-09,PHI,ATL,0.0,0.0,9.5,100.0,-109.0
2020-08-09,CHW,CLE,4.0,5.0,7.5,138.0,-155.0
2020-08-08,CHW,CLE,1.0,7.0,8.5,122.0,-135.0
2020-08-08,TBD,NYY,0.0,0.0,5.5,132.0,-147.0
2020-08-08,PIT,DET,5.0,11.0,9.5,-137.0,123.0
2020-08-08,OAK,HOU,3.0,1.0,8.5,-168.0,151.0
2020-08-08,TBD,NYY,0.0,0.0,,,
2020-08-08,WSN,BAL,3.0,5.0,9.5,-196.0,175.0
2020-08-08,PHI,ATL,5.0,0.0,10.0,-119.0,109.0
2020-08-08,TEX,ANA,2.0,0.0,9.0,124.0,-143.0
2020-08-08,KCR,MIN,9.0,6.0,9.5,137.0,-155.0
2020-08-08,MIL,CIN,1.0,4.0,,,
2020-08-08,NYM,FLA,8.0,4.0,8.5,-175.0,152.0
2020-08-08,BOS,TOR,1.0,2.0,10.5,-128.0,115.0
2020-08-08,SDP,ARI,2.0,3.0,7.5,-186.0,164.0
2020-08-08,SEA,COL,0.0,5.0,9.0,-110.0,-101.0
2020-08-08,LAD,SFG,4.0,5.0,8.0,-327.0,270.0
2020-08-07,WSN,BAL,0.0,11.0,9.0,-180.0,160.0
2020-08-07,TBD,NYY,1.0,0.0,8.0,-106.0,-104.0
2020-08-07,PIT,DET,13.0,17.0,8.5,-104.0,-109.0
2020-08-07,NYM,FLA,3.0,4.0,9.0,-200.0,176.0
2020-08-07,BOS,TOR,5.0,3.0,10.5,-107.0,-105.0
2020-08-07,KCR,MIN,3.0,2.0,9.5,125.0,-144.0
2020-08-07,MIL,CIN,3.0,8.0,8.5,-106.0,-108.0
2020-08-07,CHW,CLE,2.0,0.0,8.0,122.0,-135.0
2020-08-07,TEX,ANA,4.0,3.0,9.0,159.0,-179.0
2020-08-07,SDP,ARI,3.0,0.0,8.0,-127.0,111.0
2020-08-07,OAK,HOU,3.0,2.0,8.0,-128.0,115.0
2020-08-07,SEA,COL,4.0,8.0,8.0,-127.0,114.0
2020-08-07,LAD,SFG,7.0,2.0,9.0,-307.0,254.0
2020-08-06,PIT,MIN,6.0,5.0,8.5,182.0,-205.0
2020-08-06,COL,SFG,6.0,4.0,11.5,-175.0,152.0
2020-08-06,OAK,TEX,6.0,4.0,,,
2020-08-06,SEA,ANA,1.0,6.0,8.0,148.0,-166.0
2020-08-06,PHI,NYY,5.0,4.0,9.0,122.0,-138.0
2020-08-06,CLE,CIN,13.0,0.0,7.0,-113.0,-100.0
2020-08-06,ARI,HOU,5.0,4.0,9.0,-112.0,-109.0
2020-08-06,KCR,CHC,13.0,2.0,9.0,154.0,-172.0
2020-08-06,ATL,TOR,4.0,3.0,9.0,-123.0,106.0
2020-08-06,FLA,BAL,8.0,7.0,9.5,-328.0,-290.0
2020-08-06,CHW,MIL,3.0,8.0,9.0,-113.0,-101.0
2020-08-05,NYY,PHI,0.0,0.0,8.2,-147.0,128.0
2020-08-05,BAL,FLA,0.0,0.0,,,
2020-08-05,WSN,NYM,1.0,3.0,9.0,-240.0,205.0
2020-08-05,TBD,BOS,0.0,5.0,8.5,-152.0,137.0
2020-08-05,PIT,MIN,2.0,5.0,9.5,150.0,-171.0
2020-08-05,CLE,CIN,2.0,0.0,8.5,-160.0,145.0
2020-08-05,ATL,TOR,1.0,2.0,9.5,-126.0,112.0
2020-08-05,PHI,NYY,0.0,0.0,10.5,120.0,-137.0
2020-08-05,KCR,CHC,1.0,6.0,9.0,176.0,-206.0
2020-08-05,CHW,MIL,0.0,1.0,8.5,-133.0,119.0
2020-08-05,FLA,BAL,0.0,0.0,,,
2020-08-05,COL,SFG,3.0,4.0,11.5,-172.0,155.0
2020-08-05,ARI,HOU,14.0,7.0,,,
2020-08-05,SDP,LAD,6.0,7.0,,,
2020-08-05,OAK,TEX,6.0,4.0,8.0,-170.0,145.0
2020-08-05,SEA,ANA,7.0,6.0,,,
2020-08-04,MIN,PIT,7.0,3.0,8.5,-200.0,175.0
2020-08-04,CIN,CLE,2.0,4.0,8.0,145.0,-170.0
2020-08-04,TBD,BOS,5.0,1.0,,,
2020-08-04,WSN,NYM,5.0,3.0,8.5,-168.0,145.0
2020-08-04,ATL,TOR,10.0,1.0,8.5,-190.0,164.0
2020-08-04,BAL,FLA,0.0,4.0,9.0,-122.0,105.0
2020-08-04,MIL,CHW,2.0,3.0,8.0,-135.0,118.0
2020-08-04,CHC,KCR,5.0,4.0,,,
2020-08-04,COL,SFG,5.0,2.0,11.0,-185.0,162.0
2020-08-04,SDP,LAD,2.0,5.0,,,
2020-08-04,OAK,TEX,5.0,1.0,7.0,-164.0,145.0
2020-08-04,ARI,HOU,2.0,8.0,9.5,124.0,-139.0
2020-08-04,SEA,ANA,3.0,5.0,9.0,167.0,-190.0
2020-08-03,CIN,CLE,3.0,2.0,8.0,-170.0,145.0
2020-08-03,NYY,PHI,6.0,3.0,,,
2020-08-03,ATL,NYM,2.0,7.0,8.0,110.0,-124.0
2020-08-03,MIN,PIT,5.0,4.0,9.5,-215.0,184.0
2020-08-03,MIL,CHW,4.0,6.0,9.5,-112.0,-101.0
2020-08-03,CHC,KCR,2.0,0.0,8.0,-158.0,135.0
2020-08-03,COL,SFG,7.0,6.0,13.0,-128.0,114.0
2020-08-03,SEA,OAK,1.0,11.0,9.0,159.0,-180.0
2020-08-03,SDP,LAD,5.0,4.0,7.5,117.0,-134.0
2020-08-02,DET,CIN,3.0,4.0,8.0,140.0,-162.0
2020-08-02,BAL,TBD,5.0,1.0,9.5,185.0,-207.0
2020-08-02,ATL,NYM,4.0,0.0,10.5,-125.0,110.0
2020-08-02,KCR,CHW,2.0,9.0,9.5,105.0,-122.0
2020-08-02,MIN,CLE,3.0,1.0,,,
2020-08-02,CHC,PIT,2.0,1.0,9.0,-182.0,163.0
2020-08-02,COL,SDP,9.0,6.0,13.0,100.0,-112.0
2020-08-02,DET,CIN,0.0,4.0,9.0,156.0,-181.0
2020-08-02,SFG,TEX,5.0,9.0,9.0,-115.0,-103.0
2020-08-02,ARI,LAD,0.0,3.0,,,
2020-08-02,SEA,OAK,2.0,3.0,9.0,148.0,-170.0
2020-08-02,ANA,HOU,5.0,6.0,10.0,133.0,-151.0
2020-08-02,NYY,BOS,9.0,7.0,10.5,-225.0,200.0
2020-08-01,KCR,CHW,5.0,11.0,10.5,122.0,-138.0
2020-08-01,ANA,HOU,5.0,4.0,9.0,133.0,-150.0
2020-08-01,NYY,BOS,5.0,2.0,10.5,-198.0,170.0
2020-08-01,ATL,NYM,7.0,1.0,10.0,-115.0,-105.0
2020-08-01,MIN,CLE,3.0,0.0,8.5,-130.0,113.0
2020-08-01,BAL,TBD,5.0,4.0,9.0,210.0,-235.0
2020-08-01,ARI,LAD,2.0,11.0,,,
2020-08-01,COL,SDP,6.0,1.0,12.5,-105.0,-108.0
2020-08-01,CHC,PIT,4.0,3.0,9.0,-195.0,168.0
2020-08-01,SEA,OAK,2.0,3.0,9.5,138.0,-156.0
2020-08-01,SFG,TEX,7.0,3.0,8.5,-125.0,100.0
2020-07-31,NYY,BOS,5.0,1.0,10.5,-186.0,161.0
2020-07-31,ATL,NYM,11.0,10.0,10.5,-138.0,120.0
2020-07-31,DET,CIN,7.0,2.0,8.5,160.0,-182.0
2020-07-31,BAL,TBD,6.0,3.0,8.5,170.0,-200.0
2020-07-31,KCR,CHW,2.0,3.0,9.0,146.0,-170.0
2020-07-31,COL,SDP,7.0,8.0,11.5,-105.0,-110.0
2020-07-31,MIN,CLE,4.0,1.0,9.0,105.0,-116.0
2020-07-31,CHC,PIT,6.0,3.0,8.5,-213.0,186.0
2020-07-31,ANA,HOU,6.0,9.0,9.5,165.0,-190.0
2020-07-31,SFG,TEX,9.0,2.0,8.0,112.0,-126.0
2020-07-31,SEA,OAK,5.0,3.0,9.0,170.0,-195.0
2020-07-31,ARI,LAD,5.0,3.0,10.0,116.0,-130.0
2020-07-30,TOR,WSN,4.0,6.0,9.5,-160.0,137.0
2020-07-30,BAL,NYY,6.0,8.0,10.5,217.0,-260.0
2020-07-30,MIN,CLE,0.0,2.0,,,
2020-07-30,NYM,BOS,2.0,4.0,,,
2020-07-30,DET,KCR,3.0,5.0,9.5,138.0,-154.0
2020-07-30,ATL,TBD,2.0,1.0,9.0,-160.0,138.0
2020-07-30,ANA,SEA,5.0,8.0,,,
2020-07-30,ARI,LAD,3.0,6.0,9.5,140.0,-159.0
2020-07-30,SFG,SDP,7.0,12.0,8.0,149.0,-168.0
2020-07-29,OAK,COL,1.0,5.0,8.0,-145.0,126.0
2020-07-29,TEX,ARI,7.0,4.0,8.0,-125.0,110.0
2020-07-29,TOR,WSN,0.0,4.0,8.5,158.0,-178.0
2020-07-29,CLE,CHW,0.0,4.0,9.0,106.0,-116.0
2020-07-29,CIN,CHC,12.0,7.0,9.0,-114.0,-103.0
2020-07-29,PIT,MIL,0.0,3.0,8.5,130.0,-150.0
2020-07-29,HOU,LAD,2.0,4.0,10.0,134.0,-149.0
2020-07-29,ATL,TBD,7.0,4.0,8.5,-129.0,110.0
2020-07-29,NYM,BOS,5.0,6.0,7.5,-200.0,175.0
2020-07-29,DET,KCR,5.0,4.0,9.5,-123.0,110.0
2020-07-29,BAL,NYY,3.0,9.0,9.0,300.0,-375.0
2020-07-29,MIN,STL,3.0,0.0,10.0,-163.0,141.0
2020-07-29,SFG,SDP,7.0,6.0,7.5,170.0,-200.0
2020-07-29,ANA,SEA,7.0,10.0,9.0,-270.0,233.0
2020-07-28,CLE,CHW,4.0,3.0,9.5,-130.0,118.0
2020-07-28,WSN,TOR,1.0,5.0,10.0,-138.0,125.0
2020-07-28,CIN,CHC,5.0,8.0,10.5,-130.0,119.0
2020-07-28,TBD,ATL,5.0,2.0,9.0,-137.0,123.0
2020-07-28,PIT,MIL,8.0,6.0,10.0,167.0,-188.0
2020-07-28,CLE,CHW,5.0,3.0,9.5,-132.0,116.0
2020-07-28,DET,KCR,4.0,3.0,10.5,-110.0,-105.0
2020-07-28,BOS,NYM,3.0,8.0,11.5,105.0,-121.0
2020-07-28,MIN,STL,6.0,3.0,10.5,-140.0,129.0
2020-07-28,TEX,ARI,1.0,4.0,9.0,-107.0,-106.0
2020-07-28,HOU,LAD,2.0,5.0,10.0,132.0,-146.0
2020-07-28,OAK,COL,3.0,8.0,9.5,-164.0,143.0
2020-07-28,ANA,SEA,10.0,2.0,9.0,-187.0,163.0
2020-07-28,SFG,SDP,3.0,5.0,9.0,138.0,-155.0
2020-07-27,OAK,ANA,3.0,0.0,9.0,-121.0,106.0
2020-07-27,SDP,ARI,6.0,2.0,8.5,-117.0,105.0
2020-07-27,WSN,TOR,1.0,4.0,10.5,-123.0,110.0
2020-07-27,CIN,CHC,7.0,8.0,10.5,102.0,-116.0
2020-07-27,TBD,ATL,14.0,5.0,8.0,-141.0,126.0
2020-07-27,PIT,MIL,5.0,6.0,9.5,159.0,-180.0
2020-07-27,HOU,SEA,8.0,5.0,,,
2020-07-27,DET,KCR,6.0,14.0,10.0,-121.0,105.0
2020-07-27,BOS,NYM,4.0,7.0,11.5,103.0,-117.0
2020-07-26,WSN,NYY,2.0,3.0,,,
2020-07-26,PHI,FLA,6.0,11.0,10.0,-214.0,192.0
2020-07-26,CIN,DET,2.0,3.0,9.5,-195.0,173.0
2020-07-26,CLE,KCR,9.0,2.0,9.0,-230.0,195.0
2020-07-26,TBD,TOR,6.0,5.0,8.5,-195.0,169.0
2020-07-26,BOS,BAL,4.0,7.0,11.0,-202.0,181.0
2020-07-26,CHW,MIN,2.0,14.0,10.5,142.0,-158.0
2020-07-26,HOU,SEA,6.0,7.0,9.0,-280.0,240.0
2020-07-26,STL,PIT,1.0,5.0,9.0,-145.0,129.0
2020-07-26,CHC,MIL,9.0,1.0,12.0,-106.0,-108.0
2020-07-26,TEX,COL,2.0,5.0,8.5,-146.0,130.0
2020-07-26,OAK,ANA,6.0,4.0,,,
2020-07-26,SDP,ARI,3.0,4.0,8.0,-129.0,114.0
2020-07-26,NYM,ATL,1.0,14.0,,,
2020-07-26,LAD,SFG,1.0,3.0,9.0,-327.0,260.0
2020-07-25,CHC,MIL,3.0,8.0,9.5,-155.0,138.0
2020-07-25,BOS,BAL,2.0,7.0,10.5,-210.0,185.0
2020-07-25,CHW,MIN,10.0,3.0,10.0,-104.0,-110.0
2020-07-25,STL,PIT,9.0,1.0,9.0,-152.0,136.0
2020-07-25,TBD,TOR,4.0,1.0,8.5,-149.0,130.0
2020-07-25,PHI,FLA,7.0,1.0,9.0,-179.0,161.0
2020-07-25,TEX,COL,2.0,3.0,8.5,-123.0,108.0
2020-07-25,HOU,SEA,7.0,2.0,9.0,-300.0,252.0
2020-07-25,NYM,ATL,3.0,5.0,9.0,111.0,-126.0
2020-07-25,LAD,SFG,4.0,5.0,9.5,-400.0,332.0
2020-07-25,OAK,ANA,1.0,4.0,8.5,-123.0,108.0
2020-07-25,CLE,KCR,2.0,3.0,8.5,-270.0,228.0
2020-07-25,CIN,DET,4.0,6.0,9.5,-295.0,249.0
2020-07-25,WSN,NYY,9.0,2.0,10.0,198.0,-225.0
2020-07-25,SDP,ARI,5.0,1.0,8.0,-127.0,112.0
2020-07-24,NYM,ATL,1.0,0.0,7.5,-171.0,150.0
2020-07-24,CIN,DET,7.0,1.0,9.0,-178.0,160.0
2020-07-24,TBD,TOR,4.0,6.0,7.5,-150.0,135.0
2020-07-24,PHI,FLA,2.0,5.0,9.0,-200.0,177.0
2020-07-24,CLE,KCR,2.0,0.0,8.5,-226.0,198.0
2020-07-24,CHC,MIL,3.0,0.0,8.5,-118.0,-105.0
2020-07-24,BOS,BAL,13.0,2.0,10.0,-220.0,192.0
2020-07-24,TEX,COL,1.0,0.0,9.0,-110.0,-108.0
2020-07-24,CHW,MIN,5.0,10.0,9.0,103.0,-112.0
2020-07-24,STL,PIT,5.0,4.0,8.0,-190.0,165.0
2020-07-24,SDP,ARI,7.0,2.0,8.0,-144.0,128.0
2020-07-24,HOU,SEA,8.0,2.0,9.0,-300.0,255.0
2020-07-24,LAD,SFG,9.0,1.0,9.5,-340.0,285.0
2020-07-24,OAK,ANA,7.0,3.0,8.5,-145.0,127.0
2020-07-23,WSN,NYY,1.0,4.0,7.5,151.0,-169.0
2020-07-23,LAD,SFG,8.0,1.0,,,
