Date,Home,Away,Home_Score,Away_Score,OU_Line,Home_ML,Away_ML
2021-04-01,ANA,CHW,4,3,8.0,101.0,-125.0
2021-04-01,CHC,PIT,3,5,6.5,-220.0,185.0
2021-04-01,CIN,STL,6,11,7.0,-128.0,110.0
2021-04-01,COL,LAD,8,5,11.0,186.0,-222.0
2021-04-01,DET,CLE,3,2,7.5,155.0,-182.0
2021-04-01,FLA,TBD,0,1,7.5,136.0,-158.0
2021-04-01,KCR,TEX,14,10,8.5,-160.0,137.0
2021-04-01,MIL,MIN,6,5,7.5,-115.0,102.0
2021-04-01,NYY,TOR,2,3,8.0,-195.0,165.0
2021-04-01,OAK,HOU,1,8,8.0,-105.0,-110.0
2021-04-01,PHI,ATL,3,2,7.5,-124.0,107.0
2021-04-01,SDP,ARI,8,7,8.5,-245.0,202.0
2021-04-01,SEA,SFG,8,7,8.0,105.0,-120.0
2021-04-02,ANA,CHW,8,12,8.5,-120.0,-100.0
2021-04-02,BOS,BAL,0,3,9.5,-167.0,145.0
2021-04-02,COL,LAD,6,11,11.5,217.0,-257.0
2021-04-02,FLA,TBD,4,6,7.5,-114.0,-105.0
2021-04-02,OAK,HOU,5,9,8.5,-123.0,105.0
2021-04-02,SDP,ARI,4,2,7.5,-220.0,185.0
2021-04-02,SEA,SFG,3,6,8.5,-115.0,100.0
2021-04-03,ANA,CHW,5,3,9.0,105.0,-122.0
2021-04-03,BOS,BAL,2,4,9.5,-177.0,149.0
2021-04-03,CHC,PIT,5,1,11.0,-167.0,145.0
2021-04-03,CIN,STL,9,6,9.0,-120.0,100.0
2021-04-03,COL,LAD,5,6,11.5,198.0,-235.0
2021-04-03,DET,CLE,5,2,8.0,140.0,-164.0
2021-04-03,FLA,TBD,12,7,7.5,-110.0,-109.0
2021-04-03,KCR,TEX,11,4,9.0,-169.0,144.0
2021-04-03,MIL,MIN,0,2,7.5,-132.0,114.0
2021-04-03,NYY,TOR,5,3,9.0,-172.0,145.0
2021-04-03,OAK,HOU,1,9,9.0,115.0,-134.0
2021-04-03,PHI,ATL,4,0,8.0,102.0,-117.0
2021-04-03,SDP,ARI,7,0,8.5,-215.0,175.0
2021-04-03,SEA,SFG,4,0,9.0,105.0,-121.0
2021-04-04,ANA,CHW,7,4,9.0,-126.0,105.0
2021-04-04,BOS,BAL,3,11,9.5,-176.0,150.0
2021-04-04,CHC,PIT,4,3,8.5,-192.0,167.0
2021-04-04,CIN,STL,12,1,9.5,104.0,-120.0
2021-04-04,COL,LAD,2,4,11.5,185.0,-227.0
2021-04-04,DET,CLE,3,9,8.0,120.0,-137.0
2021-04-04,KCR,TEX,3,7,10.0,-168.0,145.0
2021-04-04,MIL,MIN,2,8,8.0,-112.0,-105.0
2021-04-04,NYY,TOR,1,3,9.5,-190.0,163.0
2021-04-04,OAK,HOU,2,9,8.5,-118.0,100.0
2021-04-04,PHI,ATL,2,1,8.5,100.0,-120.0
2021-04-04,SDP,ARI,1,3,9.0,-212.0,180.0
2021-04-05,ANA,HOU,7,6,10.0,-115.0,-101.0
2021-04-05,BOS,TBD,11,2,9.5,-107.0,-109.0
2021-04-05,CHC,MIL,5,3,9.5,-115.0,-101.0
2021-04-05,CIN,PIT,5,3,9.0,-159.0,135.0
2021-04-05,CLE,KCR,0,3,9.0,-136.0,116.0
2021-04-05,DET,MIN,6,15,8.5,132.0,-154.0
2021-04-05,FLA,STL,1,4,8.5,-117.0,101.0
2021-04-05,NYY,BAL,7,0,9.5,-240.0,197.0
2021-04-05,OAK,LAD,3,10,8.5,139.0,-159.0
2021-04-05,PHI,NYM,5,3,7.5,176.0,-210.0
2021-04-05,SDP,SFG,2,3,8.0,-155.0,135.0
2021-04-05,SEA,CHW,0,6,8.0,110.0,-130.0
2021-04-05,TEX,TOR,2,6,9.5,132.0,-153.0
2021-04-06,ANA,HOU,2,4,9.0,-111.0,-104.0
2021-04-06,BOS,TBD,6,5,9.0,144.0,-165.0
2021-04-06,CHC,MIL,0,4,9.5,-115.0,-102.0
2021-04-06,CIN,PIT,14,1,9.0,-167.0,143.0
2021-04-06,COL,ARI,8,10,10.5,-129.0,110.0
2021-04-06,DET,MIN,4,3,9.0,130.0,-153.0
2021-04-06,FLA,STL,2,4,7.5,-129.0,110.0
2021-04-06,NYY,BAL,7,2,8.0,-315.0,256.0
2021-04-06,OAK,LAD,1,5,8.5,150.0,-175.0
2021-04-06,PHI,NYM,4,8,9.0,111.0,-130.0
2021-04-06,SDP,SFG,3,1,8.0,-193.0,165.0
2021-04-06,SEA,CHW,4,10,7.0,135.0,-160.0
2021-04-06,TEX,TOR,7,4,9.5,117.0,-138.0
2021-04-06,WSN,ATL,6,5,7.5,-117.0,102.0
2021-04-07,BOS,TBD,9,2,8.5,-116.0,102.0
2021-04-07,CHC,MIL,2,4,8.5,-106.0,-110.0
2021-04-07,CIN,PIT,11,4,8.0,-230.0,189.0
2021-04-07,CLE,KCR,4,2,8.0,-202.0,173.0
2021-04-07,COL,ARI,8,0,11.5,105.0,-119.0
2021-04-07,DET,MIN,2,3,8.5,155.0,-179.0
2021-04-07,FLA,STL,0,7,7.0,102.0,-118.0
2021-04-07,NYY,BAL,3,4,8.5,-195.0,172.0
2021-04-07,OAK,LAD,4,3,7.5,143.0,-168.0
2021-04-07,PHI,NYM,8,2,8.5,-174.0,149.0
2021-04-07,SDP,SFG,2,3,7.0,-155.0,133.0
2021-04-07,SEA,CHW,8,4,8.5,130.0,-154.0
2021-04-07,TEX,TOR,2,1,8.5,166.0,-194.0
2021-04-07,WSN,ATL,6,7,6.5,155.0,-180.0
2021-04-07,WSN,ATL,0,2,8.0,-155.0,131.0
2021-04-08,BAL,BOS,3,7,9.0,135.0,-154.0
2021-04-08,CHW,KCR,6,0,8.0,-180.0,155.0
2021-04-08,COL,ARI,7,3,11.0,-131.0,114.0
2021-04-08,HOU,OAK,6,2,10.0,-175.0,145.0
2021-04-08,MIN,SEA,10,2,8.0,-215.0,185.0
2021-04-08,NYM,FLA,3,2,8.5,-199.0,168.0
2021-04-08,PIT,CHC,2,4,8.5,134.0,-154.0
2021-04-08,STL,MIL,3,1,7.5,125.0,-148.0
2021-04-08,TOR,ANA,5,7,10.0,-109.0,-107.0
2021-04-09,ARI,CIN,5,6,9.5,130.0,-152.0
2021-04-09,ATL,PHI,8,1,7.5,-130.0,114.0
2021-04-09,CLE,DET,4,1,9.5,-200.0,170.0
2021-04-09,HOU,OAK,2,6,9.0,-190.0,163.0
2021-04-09,LAD,WSN,1,0,8.5,-295.0,245.0
2021-04-09,SFG,COL,3,1,8.5,-162.0,140.0
2021-04-09,TBD,NYY,10,5,8.0,120.0,-140.0
2021-04-09,TEX,SDP,0,3,9.0,170.0,-195.0
2021-04-09,TOR,ANA,1,7,11.0,-109.0,-125.0
2021-04-10,ARI,CIN,8,3,9.5,110.0,-125.0
2021-04-10,ATL,PHI,5,4,8.0,-145.0,125.0
2021-04-10,BAL,BOS,4,6,9.5,113.0,-132.0
2021-04-10,CLE,DET,11,3,8.5,-167.0,143.0
2021-04-10,HOU,OAK,3,7,9.0,-156.0,135.0
2021-04-10,LAD,WSN,9,5,7.5,-180.0,151.0
2021-04-10,MIN,SEA,3,4,8.0,-190.0,170.0
2021-04-10,NYM,FLA,0,3,6.5,-290.0,235.0
2021-04-10,PIT,CHC,8,2,8.5,140.0,-166.0
2021-04-10,SFG,COL,4,3,8.5,-175.0,150.0
2021-04-10,STL,MIL,5,9,8.0,-120.0,104.0
2021-04-10,TBD,NYY,4,0,9.5,120.0,-140.0
2021-04-10,TEX,SDP,4,7,9.0,136.0,-160.0
2021-04-10,TOR,ANA,15,1,10.5,-115.0,-105.0
2021-04-11,ARI,CIN,7,0,9.5,-105.0,-112.0
2021-04-11,ATL,PHI,6,7,9.0,-170.0,148.0
2021-04-11,BAL,BOS,9,14,9.5,128.0,-148.0
2021-04-11,CHW,KCR,3,4,8.5,-120.0,104.0
2021-04-11,CLE,DET,5,2,9.5,-180.0,150.0
2021-04-11,LAD,WSN,3,0,7.5,-167.0,140.0
2021-04-11,MIN,SEA,6,8,8.5,-190.0,160.0
2021-04-11,NYM,FLA,6,5,,,
2021-04-11,PIT,CHC,7,1,8.5,123.0,-141.0
2021-04-11,SFG,COL,4,0,7.5,-129.0,112.0
2021-04-11,STL,MIL,3,9,8.5,-132.0,115.0
2021-04-11,TBD,NYY,4,8,8.5,125.0,-148.0
2021-04-11,TEX,SDP,0,2,9.0,146.0,-170.0
2021-04-12,ARI,OAK,5,9,9.5,116.0,-133.0
2021-04-12,ATL,FLA,3,5,8.0,-140.0,119.0
2021-04-12,CHW,CLE,4,3,8.0,-128.0,110.0
2021-04-12,HOU,DET,2,6,9.0,-258.0,219.0
2021-04-12,KCR,ANA,3,10,9.0,-104.0,-115.0
2021-04-12,MIL,CHC,6,3,8.5,-134.0,116.0
2021-04-12,PIT,SDP,2,6,7.5,184.0,-222.0
2021-04-12,SFG,CIN,0,3,8.5,-110.0,-107.0
2021-04-12,STL,WSN,2,5,8.5,-145.0,126.0
2021-04-12,TBD,TEX,1,0,7.0,-210.0,178.0
2021-04-12,TOR,NYY,1,3,9.0,164.0,-191.0
2021-04-13,ARI,OAK,5,7,8.5,-109.0,-110.0
2021-04-13,ATL,FLA,8,14,8.0,-165.0,140.0
2021-04-13,BAL,SEA,3,4,7.0,-134.0,115.0
2021-04-13,BAL,SEA,7,6,8.5,-121.0,104.0
2021-04-13,CHW,CLE,0,2,7.0,-115.0,-105.0
2021-04-13,HOU,DET,2,8,9.0,-190.0,165.0
2021-04-13,KCR,ANA,3,2,8.5,115.0,-135.0
2021-04-13,LAD,COL,7,0,8.0,-337.0,276.0
2021-04-13,MIL,CHC,2,3,7.5,-150.0,130.0
2021-04-13,MIN,BOS,2,4,9.0,-127.0,110.0
2021-04-13,NYM,PHI,4,3,7.0,-153.0,132.0
2021-04-13,NYM,PHI,4,0,8.5,-136.0,115.0
2021-04-13,PIT,SDP,8,4,7.5,215.0,-260.0
2021-04-13,SFG,CIN,7,6,7.5,-110.0,-105.0
2021-04-13,STL,WSN,14,3,7.5,-110.0,-108.0
2021-04-13,TBD,TEX,3,8,8.0,-172.0,147.0
2021-04-13,TOR,NYY,7,3,9.0,-115.0,105.0
2021-04-14,ATL,FLA,5,6,8.5,-265.0,210.0
2021-04-14,CHW,CLE,8,0,7.5,-115.0,-105.0
2021-04-14,HOU,DET,4,6,8.0,-192.0,160.0
2021-04-14,KCR,ANA,6,1,9.0,110.0,-130.0
2021-04-14,LAD,COL,4,2,7.5,-260.0,215.0
2021-04-14,MIL,CHC,7,0,7.0,-185.0,156.0
2021-04-14,MIN,BOS,2,3,6.0,-130.0,110.0
2021-04-14,MIN,BOS,1,7,9.5,-140.0,120.0
2021-04-14,NYM,PHI,5,1,8.0,104.0,-120.0
2021-04-14,PIT,SDP,5,1,7.5,177.0,-212.0
2021-04-14,SFG,CIN,3,0,8.5,105.0,-124.0
2021-04-14,STL,WSN,0,6,8.5,-120.0,102.0
2021-04-14,TBD,TEX,1,5,8.5,-205.0,172.0
2021-04-14,TOR,NYY,5,4,10.5,127.0,-145.0
2021-04-15,ATL,FLA,7,6,8.0,-170.0,145.0
2021-04-15,BAL,SEA,2,4,7.0,-106.0,-111.0
2021-04-15,BAL,SEA,1,2,9.5,-120.0,101.0
2021-04-15,CHW,CLE,2,4,7.5,-160.0,140.0
2021-04-15,KCR,TOR,7,5,9.5,-120.0,105.0
2021-04-15,LAD,COL,7,5,7.5,-280.0,234.0
2021-04-15,MIN,BOS,4,3,8.5,-145.0,125.0
2021-04-15,OAK,DET,8,4,8.0,-185.0,160.0
2021-04-15,PIT,SDP,3,8,7.5,130.0,-150.0
2021-04-15,TBD,TEX,4,6,8.0,-195.0,163.0
2021-04-15,WSN,ARI,6,11,8.5,-185.0,155.0
2021-04-16,ANA,MIN,10,3,9.0,-135.0,115.0
2021-04-16,CHC,ATL,2,5,8.5,-114.0,-105.0
2021-04-16,CIN,CLE,10,3,9.0,-122.0,106.0
2021-04-16,FLA,SFG,4,1,8.5,120.0,-140.0
2021-04-16,MIL,PIT,1,6,8.0,-149.0,129.0
2021-04-16,NYY,TBD,2,8,9.5,-170.0,143.0
2021-04-16,OAK,DET,3,0,8.5,-200.0,170.0
2021-04-16,PHI,STL,9,2,8.5,-145.0,125.0
2021-04-16,SDP,LAD,6,11,8.0,130.0,-150.0
2021-04-16,SEA,HOU,6,5,8.0,102.0,-112.0
2021-04-16,TEX,BAL,2,5,9.0,-129.0,110.0
2021-04-16,WSN,ARI,1,0,8.0,-200.0,166.0
2021-04-17,BOS,CHW,7,4,9.0,-132.0,113.0
2021-04-17,CHC,ATL,13,4,7.5,101.0,-118.0
2021-04-17,CIN,CLE,3,2,8.0,-140.0,120.0
2021-04-17,COL,NYM,3,4,7.0,235.0,-286.0
2021-04-17,COL,NYM,7,2,9.5,225.0,-275.0
2021-04-17,FLA,SFG,7,6,7.5,-135.0,115.0
2021-04-17,KCR,TOR,1,5,6.5,-106.0,-109.0
2021-04-17,KCR,TOR,3,2,8.0,102.0,-120.0
2021-04-17,MIL,PIT,7,1,8.5,-136.0,115.0
2021-04-17,NYY,TBD,3,6,7.5,-113.0,-104.0
2021-04-17,OAK,DET,7,0,9.0,-134.0,115.0
2021-04-17,PHI,STL,4,9,8.5,-108.0,-108.0
2021-04-17,SDP,LAD,0,2,7.0,-102.0,-117.0
2021-04-17,SEA,HOU,0,1,8.5,115.0,-131.0
2021-04-17,TEX,BAL,1,6,8.5,-140.0,120.0
2021-04-17,WSN,ARI,6,2,8.5,-117.0,-100.0
2021-04-18,BOS,CHW,2,3,7.0,-111.0,-106.0
2021-04-18,BOS,CHW,1,5,9.0,-115.0,-105.0
2021-04-18,CHC,ATL,4,13,9.0,-146.0,125.0
2021-04-18,CIN,CLE,3,6,7.0,143.0,-163.0
2021-04-18,COL,NYM,1,2,11.0,162.0,-186.0
2021-04-18,FLA,SFG,0,1,8.0,-146.0,125.0
2021-04-18,KCR,TOR,2,0,8.5,-119.0,100.0
2021-04-18,MIL,PIT,5,6,7.5,-202.0,172.0
2021-04-18,NYY,TBD,2,4,7.5,-245.0,205.0
2021-04-18,OAK,DET,3,2,8.5,-157.0,136.0
2021-04-18,PHI,STL,2,0,8.0,-180.0,154.0
2021-04-18,SDP,LAD,5,2,7.5,115.0,-132.0
2021-04-18,SEA,HOU,7,2,9.0,114.0,-133.0
2021-04-18,TEX,BAL,1,0,7.5,-105.0,-112.0
2021-04-18,WSN,ARI,2,5,9.0,-155.0,133.0
2021-04-19,ANA,TEX,4,6,8.5,-222.0,190.0
2021-04-19,BOS,CHW,11,4,7.5,-105.0,-113.0
2021-04-19,KCR,TBD,1,4,7.5,-115.0,-101.0
2021-04-19,PHI,SFG,0,2,8.5,-106.0,-110.0
2021-04-19,SDP,MIL,1,3,6.5,-170.0,148.0
2021-04-19,SEA,LAD,4,3,8.5,182.0,-215.0
2021-04-19,WSN,STL,5,12,8.0,-105.0,-115.0
2021-04-20,ANA,TEX,6,2,8.5,-195.0,165.0
2021-04-20,BOS,TOR,4,2,8.0,-109.0,-110.0
2021-04-20,CHC,NYM,3,1,7.5,112.0,-128.0
2021-04-20,CIN,ARI,4,5,,,
2021-04-20,CLE,CHW,5,8,7.0,-105.0,-115.0
2021-04-20,COL,HOU,6,2,10.5,105.0,-120.0
2021-04-20,FLA,BAL,5,7,8.5,-120.0,103.0
2021-04-20,KCR,TBD,7,14,8.0,-105.0,-112.0
2021-04-20,NYY,ATL,3,1,8.5,-125.0,108.0
2021-04-20,OAK,MIN,7,0,6.5,-120.0,105.0
2021-04-20,OAK,MIN,1,0,,,
2021-04-20,PHI,SFG,7,10,8.5,-148.0,128.0
2021-04-20,SDP,MIL,0,6,6.5,-103.0,-114.0
2021-04-20,SEA,LAD,0,1,8.0,165.0,-195.0
2021-04-20,WSN,STL,3,2,9.0,-115.0,-101.0
2021-04-21,ANA,TEX,4,7,9.0,-180.0,155.0
2021-04-21,BOS,TOR,3,6,10.0,-130.0,110.0
2021-04-21,CHC,NYM,16,4,7.5,110.0,-130.0
2021-04-21,CIN,ARI,5,8,7.5,-149.0,130.0
2021-04-21,COL,HOU,6,3,10.0,125.0,-145.0
2021-04-21,DET,PIT,2,3,8.0,-125.0,109.0
2021-04-21,DET,PIT,5,2,6.5,-136.0,116.0
2021-04-21,FLA,BAL,3,0,7.5,-166.0,143.0
2021-04-21,KCR,TBD,9,8,8.0,-107.0,-109.0
2021-04-21,NYY,ATL,1,4,8.5,-145.0,125.0
2021-04-21,OAK,MIN,13,12,7.5,-114.0,-103.0
2021-04-21,PHI,SFG,6,5,8.0,-125.0,108.0
2021-04-21,SDP,MIL,2,4,7.5,-200.0,170.0
2021-04-21,WSN,STL,1,0,7.5,-168.0,145.0
2021-04-22,BOS,SEA,3,7,9.5,-175.0,150.0
2021-04-22,CHC,NYM,4,3,9.5,-115.0,-105.0
2021-04-22,CIN,ARI,11,14,8.5,-143.0,128.0
2021-04-22,CLE,NYY,3,6,8.0,-110.0,-105.0
2021-04-22,DET,PIT,2,4,8.5,-119.0,102.0
2021-04-22,HOU,ANA,8,2,9.0,-130.0,110.0
2021-04-22,LAD,SDP,2,3,7.5,-175.0,150.0
2021-04-22,SFG,FLA,3,0,8.0,-150.0,125.0
2021-04-23,ATL,ARI,5,4,8.5,-159.0,140.0
2021-04-23,BAL,OAK,1,3,9.5,110.0,-129.0
2021-04-23,BOS,SEA,6,5,9.0,-146.0,130.0
2021-04-23,CHC,MIL,15,2,9.0,-160.0,136.0
2021-04-23,CHW,TEX,9,7,8.0,-145.0,129.0
2021-04-23,CLE,NYY,3,5,8.5,145.0,-167.0
2021-04-23,COL,PHI,5,4,10.5,-128.0,110.0
2021-04-23,DET,KCR,2,6,8.5,-102.0,-118.0
2021-04-23,HOU,ANA,5,4,8.0,-165.0,144.0
2021-04-23,LAD,SDP,1,6,6.5,-149.0,130.0
2021-04-23,MIN,PIT,2,0,8.0,-155.0,138.0
2021-04-23,NYM,WSN,6,0,7.0,-300.0,245.0
2021-04-23,SFG,FLA,5,3,7.0,-140.0,120.0
2021-04-23,STL,CIN,5,4,8.0,-113.0,-107.0
2021-04-23,TBD,TOR,3,5,7.0,-162.0,140.0
2021-04-24,BAL,OAK,2,7,9.5,145.0,-168.0
2021-04-24,BOS,SEA,2,8,9.0,-201.0,175.0
2021-04-24,CHC,MIL,3,4,7.5,-109.0,-109.0
2021-04-24,CHW,TEX,2,1,7.5,-172.0,145.0
2021-04-24,CLE,NYY,1,2,6.5,-105.0,-120.0
2021-04-24,COL,PHI,5,7,9.5,155.0,-177.0
2021-04-24,DET,KCR,1,2,8.0,-102.0,-117.0
2021-04-24,HOU,ANA,16,2,8.5,-150.0,130.0
2021-04-24,LAD,SDP,5,4,7.0,-150.0,128.0
2021-04-24,MIN,PIT,2,6,8.0,-225.0,185.0
2021-04-24,NYM,WSN,1,7,8.0,-195.0,170.0
2021-04-24,SFG,FLA,2,5,7.0,-160.0,136.0
2021-04-24,STL,CIN,2,0,8.5,-115.0,-105.0
2021-04-24,TBD,TOR,5,3,8.5,-140.0,122.0
2021-04-25,ATL,ARI,0,5,6.5,-130.0,113.0
2021-04-25,ATL,ARI,0,7,9.0,-200.0,170.0
2021-04-25,BAL,OAK,8,1,8.0,110.0,-130.0
2021-04-25,BOS,SEA,5,3,8.5,-200.0,170.0
2021-04-25,CHC,MIL,0,6,6.5,120.0,-136.0
2021-04-25,CHW,TEX,8,4,7.5,-182.0,155.0
2021-04-25,CLE,NYY,7,3,8.0,110.0,-130.0
2021-04-25,COL,PHI,12,2,11.5,-113.0,-105.0
2021-04-25,DET,KCR,0,4,8.5,-100.0,-117.0
2021-04-25,HOU,ANA,2,4,8.5,-145.0,125.0
2021-04-25,LAD,SDP,7,8,7.0,-127.0,110.0
2021-04-25,MIN,PIT,2,6,8.5,-195.0,167.0
2021-04-25,NYM,WSN,4,0,7.5,-150.0,130.0
2021-04-25,SFG,FLA,4,3,8.0,-165.0,141.0
2021-04-25,STL,CIN,5,2,7.0,-125.0,110.0
2021-04-25,TBD,TOR,0,1,7.5,104.0,-120.0
2021-04-26,ATL,CHC,8,7,8.5,-215.0,180.0
2021-04-26,BAL,NYY,4,2,9.0,145.0,-170.0
2021-04-26,CLE,MIN,5,3,8.0,108.0,-125.0
2021-04-26,DET,KCR,2,3,7.5,-112.0,-105.0
2021-04-26,HOU,SEA,5,2,9.0,-180.0,155.0
2021-04-26,LAD,CIN,3,5,7.0,-190.0,164.0
2021-04-26,MIL,FLA,0,8,6.0,-170.0,145.0
2021-04-26,SFG,COL,12,0,7.5,-175.0,148.0
2021-04-26,STL,PHI,1,2,8.5,-110.0,-110.0
2021-04-26,TBD,OAK,1,2,8.5,-105.0,-115.0
2021-04-26,TEX,ANA,4,9,9.0,138.0,-162.0
2021-04-27,ARI,SDP,5,1,9.0,135.0,-150.0
2021-04-27,ATL,CHC,5,0,8.5,-165.0,144.0
2021-04-27,BAL,NYY,1,5,10.0,155.0,-180.0
2021-04-27,CHW,DET,2,5,8.0,-263.0,215.0
2021-04-27,CLE,MIN,7,4,8.5,101.0,-115.0
2021-04-27,HOU,SEA,2,0,8.5,-200.0,175.0
2021-04-27,LAD,CIN,5,6,7.5,-280.0,234.0
2021-04-27,MIL,FLA,5,4,8.0,-150.0,131.0
2021-04-27,NYM,BOS,1,2,8.5,-150.0,130.0
2021-04-27,PIT,KCR,2,1,8.0,-117.0,102.0
2021-04-27,SFG,COL,5,7,8.0,-170.0,145.0
2021-04-27,STL,PHI,5,2,8.5,-105.0,-112.0
2021-04-27,TBD,OAK,4,3,8.5,-115.0,102.0
2021-04-27,TEX,ANA,6,1,9.0,140.0,-160.0
2021-04-27,TOR,WSN,9,5,8.5,102.0,-120.0
2021-04-28,ARI,SDP,3,12,9.0,135.0,-160.0
2021-04-28,ATL,CHC,10,0,8.5,-136.0,120.0
2021-04-28,BAL,NYY,0,7,9.5,130.0,-150.0
2021-04-28,CLE,MIN,2,10,9.5,107.0,-125.0
2021-04-28,HOU,SEA,7,5,8.5,-215.0,180.0
2021-04-28,LAD,CIN,8,0,7.5,-215.0,185.0
2021-04-28,MIL,FLA,2,6,7.5,103.0,-120.0
2021-04-28,NYM,BOS,0,1,7.0,-286.0,235.0
2021-04-28,PIT,KCR,6,9,8.0,110.0,-127.0
2021-04-28,SFG,COL,7,3,7.0,-143.0,125.0
2021-04-28,STL,PHI,3,5,8.5,-110.0,-109.0
2021-04-28,TBD,OAK,2,0,7.5,-180.0,155.0
2021-04-28,TEX,ANA,3,4,8.5,110.0,-129.0
2021-04-28,TOR,WSN,2,8,9.5,-180.0,155.0
2021-04-29,ARI,COL,5,3,9.0,-130.0,113.0
2021-04-29,ATL,CHC,3,9,9.0,-132.0,114.0
2021-04-29,BAL,NYY,4,3,9.0,160.0,-182.0
2021-04-29,CHW,DET,3,1,6.0,-210.0,180.0
2021-04-29,CHW,DET,11,0,7.5,-210.0,180.0
2021-04-29,HOU,SEA,0,1,9.0,-165.0,145.0
2021-04-29,MIL,LAD,2,1,7.5,185.0,-220.0
2021-04-29,STL,PHI,4,3,6.5,105.0,-119.0
2021-04-29,TBD,OAK,2,3,8.0,-115.0,-105.0
2021-04-29,TEX,BOS,4,1,9.0,-104.0,-113.0
2021-04-30,ARI,COL,7,2,8.5,-129.0,110.0
2021-04-30,CHW,CLE,3,5,6.5,125.0,-145.0
2021-04-30,CIN,CHC,8,6,9.0,-125.0,107.0
2021-04-30,MIL,LAD,3,1,7.5,-113.0,-105.0
2021-04-30,MIN,KCR,9,1,7.5,-143.0,125.0
2021-04-30,NYY,DET,10,0,7.5,-425.0,335.0
2021-04-30,OAK,BAL,2,3,7.5,-135.0,116.0
2021-04-30,PHI,NYM,2,1,8.5,145.0,-167.0
2021-04-30,PIT,STL,3,7,7.5,-118.0,104.0
2021-04-30,SDP,SFG,3,2,7.5,-200.0,170.0
2021-04-30,SEA,ANA,7,4,8.0,135.0,-155.0
2021-04-30,TBD,HOU,2,9,7.5,110.0,-130.0
2021-04-30,TEX,BOS,1,6,8.5,140.0,-164.0
2021-04-30,TOR,ATL,13,5,10.5,-130.0,112.0
2021-04-30,WSN,FLA,2,1,8.0,112.0,-130.0
2021-05-01,ARI,COL,6,14,8.0,-182.0,155.0
2021-05-01,CHW,CLE,7,3,8.5,-184.0,155.0
2021-05-01,CIN,CHC,2,3,9.0,-156.0,137.0
2021-05-01,MIL,LAD,6,5,7.0,112.0,-130.0
2021-05-01,MIN,KCR,3,11,9.0,-145.0,126.0
2021-05-01,NYY,DET,6,4,8.5,-235.0,195.0
2021-05-01,OAK,BAL,4,8,8.0,-192.0,165.0
2021-05-01,PHI,NYM,4,5,7.5,-110.0,-110.0
2021-05-01,PIT,STL,5,12,7.5,139.0,-160.0
2021-05-01,SDP,SFG,6,2,7.0,-180.0,150.0
2021-05-01,SEA,ANA,5,10,8.5,118.0,-137.0
2021-05-01,TBD,HOU,1,3,8.5,102.0,-115.0
2021-05-01,TEX,BOS,8,6,8.5,155.0,-180.0
2021-05-01,TOR,ATL,6,5,10.5,120.0,-136.0
2021-05-01,WSN,FLA,7,2,8.5,-152.0,130.0
2021-05-02,ARI,COL,8,4,9.0,-148.0,126.0
2021-05-02,CHW,CLE,0,5,8.5,-165.0,140.0
2021-05-02,CIN,CHC,13,12,8.5,-172.0,145.0
2021-05-02,MIL,LAD,4,16,8.5,170.0,-200.0
2021-05-02,MIN,KCR,13,4,8.5,-217.0,186.0
2021-05-02,NYY,DET,2,0,9.0,-247.0,208.0
2021-05-02,OAK,BAL,7,5,8.5,-210.0,180.0
2021-05-02,PHI,NYM,7,8,9.0,-125.0,108.0
2021-05-02,PIT,STL,0,3,8.5,115.0,-134.0
2021-05-02,SDP,SFG,1,7,6.5,-179.0,157.0
2021-05-02,SEA,ANA,2,0,8.0,138.0,-160.0
2021-05-02,TBD,HOU,5,4,8.0,110.0,-130.0
2021-05-02,TEX,BOS,5,3,9.0,108.0,-125.0
2021-05-02,TOR,ATL,7,2,10.5,113.0,-130.0
2021-05-02,WSN,FLA,3,1,7.0,-162.0,141.0
2021-05-03,ANA,TBD,3,7,8.0,133.0,-155.0
2021-05-03,KCR,CLE,6,8,8.5,-101.0,-115.0
2021-05-03,MIN,TEX,6,5,8.5,-185.0,160.0
2021-05-03,OAK,TOR,5,4,8.5,-120.0,105.0
2021-05-03,PHI,MIL,4,3,8.5,-104.0,-113.0
2021-05-03,SDP,PIT,2,0,8.0,-186.0,160.0
2021-05-03,SEA,BAL,3,5,8.5,-130.0,110.0
2021-05-03,STL,NYM,6,5,8.5,-129.0,110.0
2021-05-04,ANA,TBD,3,8,8.5,-115.0,-105.0
2021-05-04,BOS,DET,11,7,8.5,-180.0,155.0
2021-05-04,CHC,LAD,7,1,9.0,157.0,-185.0
2021-05-04,CHC,LAD,4,3,6.0,200.0,-240.0
2021-05-04,CIN,CHW,0,9,9.5,-112.0,-105.0
2021-05-04,COL,SFG,4,12,7.5,-129.0,110.0
2021-05-04,COL,SFG,8,6,9.5,-119.0,-105.0
2021-05-04,FLA,ARI,9,3,7.5,-145.0,127.0
2021-05-04,KCR,CLE,3,7,9.0,-143.0,124.0
2021-05-04,MIN,TEX,3,6,8.5,-159.0,140.0
2021-05-04,NYY,HOU,7,3,8.5,-122.0,105.0
2021-05-04,OAK,TOR,4,1,8.5,-125.0,105.0
2021-05-04,PHI,MIL,6,5,7.5,-167.0,145.0
2021-05-04,SDP,PIT,1,2,7.5,-250.0,210.0
2021-05-04,SEA,BAL,5,2,8.5,-128.0,110.0
2021-05-04,WSN,ATL,1,6,9.0,115.0,-134.0
2021-05-05,ANA,TBD,1,3,8.5,-108.0,-110.0
2021-05-05,BOS,DET,5,6,9.0,-180.0,160.0
2021-05-05,CHC,LAD,6,5,7.5,150.0,-175.0
2021-05-05,CIN,CHW,1,0,8.0,-131.0,115.0
2021-05-05,COL,SFG,6,5,10.0,-114.0,-103.0
2021-05-05,FLA,ARI,8,0,7.5,-110.0,-105.0
2021-05-05,KCR,CLE,4,5,7.0,143.0,-162.0
2021-05-05,MIN,TEX,1,3,8.5,-185.0,163.0
2021-05-05,NYY,HOU,6,3,9.5,-136.0,120.0
2021-05-05,OAK,TOR,4,9,8.0,-139.0,120.0
2021-05-05,PHI,MIL,5,4,7.5,115.0,-136.0
2021-05-05,SDP,PIT,4,2,6.5,-225.0,190.0
2021-05-05,SEA,BAL,0,6,7.5,-115.0,-103.0
2021-05-05,STL,NYM,4,1,6.0,-104.0,-117.0
2021-05-05,STL,NYM,2,7,8.0,-105.0,-112.0
2021-05-05,WSN,ATL,3,5,8.5,115.0,-130.0
2021-05-06,ANA,TBD,3,8,8.5,-150.0,130.0
2021-05-06,BOS,DET,12,9,8.0,-205.0,175.0
2021-05-06,FLA,ARI,3,1,7.5,-139.0,122.0
2021-05-06,KCR,CLE,0,4,8.0,-136.0,120.0
2021-05-06,MIN,TEX,3,4,8.5,-175.0,150.0
2021-05-06,NYY,HOU,4,7,7.5,-200.0,170.0
2021-05-06,OAK,TOR,4,10,8.5,120.0,-140.0
2021-05-06,PHI,MIL,2,0,6.5,108.0,-125.0
2021-05-06,STL,NYM,1,4,8.0,-105.0,-110.0
2021-05-06,WSN,ATL,2,3,9.0,-104.0,-112.0
2021-05-07,ANA,LAD,9,2,8.5,147.0,-171.0
2021-05-07,ATL,PHI,2,12,8.0,-146.0,126.0
2021-05-07,BAL,BOS,2,6,9.0,135.0,-152.0
2021-05-07,CHC,PIT,3,2,7.5,-152.0,130.0
2021-05-07,CLE,CIN,0,3,8.0,-143.0,125.0
2021-05-07,DET,MIN,3,7,9.0,128.0,-148.0
2021-05-07,FLA,MIL,6,1,6.5,-135.0,115.0
2021-05-07,HOU,TOR,10,4,9.5,-146.0,125.0
2021-05-07,KCR,CHW,0,3,8.5,130.0,-150.0
2021-05-07,NYM,ARI,5,4,7.0,-130.0,115.0
2021-05-07,NYY,WSN,4,11,9.0,-185.0,158.0
2021-05-07,OAK,TBD,2,1,7.5,-130.0,112.0
2021-05-07,SFG,SDP,5,4,7.5,125.0,-143.0
2021-05-07,STL,COL,5,0,7.5,-230.0,190.0
2021-05-07,TEX,SEA,4,5,8.5,-121.0,105.0
2021-05-08,ANA,LAD,11,14,8.0,130.0,-152.0
2021-05-08,ATL,PHI,8,7,9.0,-160.0,140.0
2021-05-08,BAL,BOS,6,11,9.0,123.0,-143.0
2021-05-08,CHC,PIT,3,2,8.0,-200.0,170.0
2021-05-08,CLE,CIN,9,2,8.0,-120.0,101.0
2021-05-08,DET,MIN,7,3,7.5,160.0,-182.0
2021-05-08,FLA,MIL,2,6,7.5,107.0,-125.0
2021-05-08,HOU,TOR,4,8,9.0,-150.0,130.0
2021-05-08,KCR,CHW,1,9,9.0,145.0,-170.0
2021-05-08,NYM,ARI,4,2,8.0,-150.0,130.0
2021-05-08,NYY,WSN,4,3,8.0,-116.0,100.0
2021-05-08,OAK,TBD,6,3,7.5,115.0,-135.0
2021-05-08,SFG,SDP,7,1,7.0,115.0,-135.0
2021-05-08,STL,COL,9,8,7.5,-192.0,163.0
2021-05-08,TEX,SEA,9,8,9.5,-110.0,-110.0
2021-05-09,ANA,LAD,2,1,9.0,165.0,-194.0
2021-05-09,ATL,PHI,6,1,8.0,-110.0,-105.0
2021-05-09,BAL,BOS,3,4,9.0,120.0,-138.0
2021-05-09,CHC,PIT,5,6,6.0,-166.0,144.0
2021-05-09,FLA,MIL,1,2,7.0,-145.0,125.0
2021-05-09,HOU,TOR,7,4,9.0,-161.0,138.0
2021-05-09,KCR,CHW,3,9,7.5,126.0,-145.0
2021-05-09,NYM,ARI,4,2,6.5,-315.0,260.0
2021-05-09,NYY,WSN,3,2,9.0,-153.0,132.0
2021-05-09,OAK,TBD,3,4,7.5,-121.0,105.0
2021-05-09,SFG,SDP,1,11,8.0,115.0,-130.0
2021-05-09,STL,COL,2,0,7.0,-159.0,135.0
2021-05-09,TEX,SEA,10,2,8.0,-140.0,120.0
2021-05-10,ARI,FLA,5,2,9.0,-125.0,108.0
2021-05-10,BAL,BOS,4,1,9.5,115.0,-132.0
2021-05-10,HOU,ANA,4,5,9.5,-182.0,155.0
2021-05-10,PIT,CIN,1,14,7.5,140.0,-164.0
2021-05-10,SFG,TEX,3,1,7.0,-143.0,125.0
2021-05-11,ARI,FLA,11,3,8.0,-115.0,-104.0
2021-05-11,ATL,TOR,3,5,9.5,-105.0,-110.0
2021-05-11,BOS,OAK,2,3,8.5,-128.0,110.0
2021-05-11,CHW,MIN,9,3,7.5,-115.0,-101.0
2021-05-11,CLE,CHC,3,2,7.0,-190.0,164.0
2021-05-11,COL,SDP,1,8,9.5,148.0,-170.0
2021-05-11,DET,KCR,8,7,8.0,115.0,-133.0
2021-05-11,HOU,ANA,5,1,8.5,-150.0,130.0
2021-05-11,LAD,SEA,6,4,7.5,-235.0,198.0
2021-05-11,MIL,STL,1,6,7.0,-130.0,112.0
2021-05-11,NYM,BAL,3,2,6.5,-160.0,140.0
2021-05-11,PIT,CIN,7,2,7.5,-125.0,108.0
2021-05-11,SFG,TEX,4,2,8.5,-148.0,126.0
2021-05-11,TBD,NYY,1,3,8.0,105.0,-121.0
2021-05-11,WSN,PHI,2,6,9.0,-125.0,110.0
2021-05-12,ARI,FLA,2,3,9.0,-127.0,110.0
2021-05-12,ATL,TOR,1,4,8.0,-115.0,104.0
2021-05-12,BOS,OAK,1,4,9.5,-155.0,135.0
2021-05-12,CHW,MIN,13,8,8.0,-135.0,115.0
2021-05-12,CLE,CHC,2,1,8.5,-135.0,116.0
2021-05-12,COL,SDP,3,5,6.5,133.0,-155.0
2021-05-12,COL,SDP,3,2,10.0,155.0,-180.0
2021-05-12,DET,KCR,4,2,8.0,130.0,-150.0
2021-05-12,HOU,ANA,9,1,8.5,-168.0,144.0
2021-05-12,LAD,SEA,7,1,8.0,-270.0,230.0
2021-05-12,MIL,STL,4,1,7.5,-185.0,159.0
2021-05-12,NYM,BAL,7,1,7.5,-186.0,160.0
2021-05-12,PIT,CIN,1,5,7.5,150.0,-175.0
2021-05-12,TBD,NYY,0,1,7.0,170.0,-200.0
2021-05-12,WSN,PHI,2,5,8.0,115.0,-135.0
2021-05-13,ARI,FLA,1,5,8.5,110.0,-125.0
2021-05-13,ATL,TOR,4,8,8.5,-167.0,144.0
2021-05-13,BOS,OAK,8,1,9.0,-113.0,-104.0
2021-05-13,CHW,MIN,4,2,7.5,-128.0,110.0
2021-05-13,COL,CIN,13,8,11.5,138.0,-160.0
2021-05-13,DET,KCR,4,3,9.0,-110.0,-105.0
2021-05-13,HOU,TEX,4,3,9.0,-220.0,184.0
2021-05-13,MIL,STL,0,2,6.5,-143.0,125.0
2021-05-13,PIT,SFG,1,3,7.5,135.0,-155.0
2021-05-13,SEA,CLE,2,4,7.5,105.0,-124.0
2021-05-13,TBD,NYY,9,1,8.0,105.0,-121.0
2021-05-13,WSN,PHI,5,1,8.0,-108.0,-109.0
2021-05-14,ARI,WSN,2,17,9.0,170.0,-200.0
2021-05-14,BAL,NYY,4,5,8.5,150.0,-176.0
2021-05-14,BOS,ANA,4,3,9.5,-115.0,-104.0
2021-05-14,CHW,KCR,2,6,8.5,-137.0,115.0
2021-05-14,CHW,KCR,3,1,6.5,-172.0,147.0
2021-05-14,COL,CIN,9,6,10.5,-106.0,-108.0
2021-05-14,DET,CHC,2,4,9.0,126.0,-148.0
2021-05-14,HOU,TEX,10,4,9.0,-225.0,193.0
2021-05-14,LAD,FLA,9,6,6.5,-245.0,200.0
2021-05-14,MIL,ATL,3,6,7.5,-139.0,120.0
2021-05-14,MIN,OAK,1,6,9.0,-109.0,-107.0
2021-05-14,PIT,SFG,3,2,7.5,168.0,-195.0
2021-05-14,SDP,STL,5,4,7.0,-184.0,154.0
2021-05-14,SEA,CLE,7,3,7.5,-102.0,-118.0
2021-05-14,TBD,NYM,3,2,6.5,-160.0,138.0
2021-05-14,TOR,PHI,1,5,10.5,-155.0,132.0
2021-05-15,ARI,WSN,11,4,10.0,110.0,-127.0
2021-05-15,BAL,NYY,2,8,8.5,145.0,-170.0
2021-05-15,BOS,ANA,9,0,10.0,102.0,-118.0
2021-05-15,CHW,KCR,1,5,7.5,-210.0,174.0
2021-05-15,COL,CIN,5,6,11.0,155.0,-180.0
2021-05-15,DET,CHC,9,8,9.0,135.0,-155.0
2021-05-15,HOU,TEX,6,5,8.5,-162.0,141.0
2021-05-15,LAD,FLA,7,0,7.5,-285.0,230.0
2021-05-15,MIL,ATL,1,5,8.0,-105.0,-115.0
2021-05-15,MIN,OAK,5,4,8.5,-140.0,120.0
2021-05-15,PIT,SFG,8,6,7.5,106.0,-124.0
2021-05-15,SDP,STL,13,3,7.0,-120.0,-105.0
2021-05-15,SEA,CLE,7,3,8.5,-105.0,-110.0
2021-05-15,TBD,NYM,12,5,7.5,-152.0,132.0
2021-05-15,TOR,PHI,4,0,10.0,125.0,-148.0
2021-05-16,ARI,WSN,0,3,9.0,-110.0,-108.0
2021-05-16,BAL,NYY,10,6,9.0,144.0,-167.0
2021-05-16,BOS,ANA,5,6,9.5,-161.0,140.0
2021-05-16,CHW,KCR,4,3,8.5,-180.0,150.0
2021-05-16,COL,CIN,6,7,11.0,-108.0,-110.0
2021-05-16,DET,CHC,1,5,8.0,130.0,-145.0
2021-05-16,HOU,TEX,6,2,7.5,-177.0,153.0
2021-05-16,LAD,FLA,2,3,7.5,-150.0,130.0
2021-05-16,MIL,ATL,10,9,7.0,-140.0,120.0
2021-05-16,MIN,OAK,6,7,8.5,-116.0,104.0
2021-05-16,PIT,SFG,1,4,7.5,153.0,-180.0
2021-05-16,SDP,STL,5,3,7.5,-118.0,101.0
2021-05-16,SEA,CLE,3,2,7.5,180.0,-210.0
2021-05-16,TBD,NYM,7,1,7.5,-108.0,-108.0
2021-05-16,TOR,PHI,10,8,10.0,-205.0,175.0
2021-05-17,ANA,CLE,7,4,9.5,-137.0,121.0
2021-05-17,ATL,NYM,1,3,8.0,-171.0,146.0
2021-05-17,CHC,WSN,7,3,8.0,-160.0,140.0
2021-05-17,CIN,SFG,3,6,8.0,-139.0,120.0
2021-05-17,LAD,ARI,3,1,7.0,-225.0,190.0
2021-05-17,MIN,CHW,4,16,9.5,-115.0,-101.0
2021-05-17,SDP,COL,7,0,6.5,-230.0,196.0
2021-05-17,SEA,DET,1,4,7.5,-185.0,156.0
2021-05-17,TEX,NYY,5,2,7.5,230.0,-275.0
2021-05-18,ANA,CLE,5,6,7.5,-115.0,103.0
2021-05-18,ATL,NYM,3,4,8.5,-153.0,135.0
2021-05-18,BAL,TBD,6,13,9.0,136.0,-155.0
2021-05-18,CHC,WSN,6,3,9.0,-108.0,-108.0
2021-05-18,CIN,SFG,2,4,8.0,-121.0,105.0
2021-05-18,KCR,MIL,2,0,7.5,155.0,-175.0
2021-05-18,LAD,ARI,9,1,7.5,-277.0,227.0
2021-05-18,MIN,CHW,5,4,8.5,130.0,-148.0
2021-05-18,OAK,HOU,6,5,8.0,104.0,-118.0
2021-05-18,PHI,FLA,8,3,7.5,-184.0,162.0
2021-05-18,SDP,COL,2,1,7.0,-230.0,194.0
2021-05-18,SEA,DET,0,5,8.0,-120.0,104.0
2021-05-18,STL,PIT,5,2,7.5,-124.0,107.0
2021-05-18,TEX,NYY,4,7,8.5,134.0,-154.0
2021-05-18,TOR,BOS,8,0,9.0,-133.0,116.0
2021-05-19,ANA,CLE,2,3,8.5,-125.0,105.0
2021-05-19,ATL,NYM,5,4,7.5,-205.0,175.0
2021-05-19,BAL,TBD,7,9,8.0,-110.0,-105.0
2021-05-19,CHC,WSN,3,4,9.0,142.0,-165.0
2021-05-19,CIN,SFG,0,4,8.5,-102.0,-120.0
2021-05-19,KCR,MIL,6,4,7.5,170.0,-200.0
2021-05-19,LAD,ARI,4,2,7.5,-330.0,265.0
2021-05-19,MIN,CHW,1,2,9.0,107.0,-125.0
2021-05-19,OAK,HOU,1,8,8.5,106.0,-122.0
2021-05-19,PHI,FLA,1,3,7.5,-125.0,106.0
2021-05-19,SDP,COL,3,0,8.0,-287.0,240.0
2021-05-19,SEA,DET,2,6,8.0,-155.0,135.0
2021-05-19,STL,PIT,8,5,7.0,-235.0,200.0
2021-05-19,TEX,NYY,0,2,9.0,150.0,-175.0
2021-05-19,TOR,BOS,3,7,9.5,-120.0,104.0
2021-05-20,ANA,MIN,7,1,9.5,-110.0,-105.0
2021-05-20,ANA,MIN,3,6,9.5,-120.0,106.0
2021-05-20,ATL,PIT,4,6,9.0,-215.0,180.0
2021-05-20,BAL,TBD,1,10,9.0,140.0,-162.0
2021-05-20,CHC,WSN,5,2,10.5,-117.0,101.0
2021-05-20,CIN,SFG,4,19,8.5,-150.0,130.0
2021-05-20,LAD,ARI,3,2,8.5,-220.0,185.0
2021-05-20,OAK,HOU,4,8,8.5,102.0,-120.0
2021-05-20,PHI,FLA,0,6,8.0,-125.0,110.0
2021-05-20,TEX,NYY,0,2,7.5,100.0,-119.0
2021-05-20,TOR,BOS,7,8,9.5,-124.0,110.0
2021-05-21,ANA,OAK,4,8,9.0,-113.0,-105.0
2021-05-21,ATL,PIT,20,1,8.0,-200.0,170.0
2021-05-21,CIN,MIL,9,4,9.5,116.0,-135.0
2021-05-21,CLE,MIN,0,10,9.0,-133.0,115.0
2021-05-21,COL,ARI,7,1,11.5,-165.0,143.0
2021-05-21,FLA,NYM,5,6,7.0,-108.0,-108.0
2021-05-21,KCR,DET,5,7,8.5,-170.0,149.0
2021-05-21,NYY,CHW,2,1,8.5,-114.0,104.0
2021-05-21,PHI,BOS,3,11,8.5,-150.0,134.0
2021-05-21,SDP,SEA,16,1,7.5,-225.0,193.0
2021-05-21,SFG,LAD,1,2,7.0,106.0,-125.0
2021-05-21,STL,CHC,3,12,8.5,106.0,-122.0
2021-05-21,TEX,HOU,7,5,9.0,110.0,-129.0
2021-05-21,TOR,TBD,7,9,9.0,135.0,-160.0
2021-05-21,WSN,BAL,4,2,8.5,-200.0,174.0
2021-05-22,ANA,OAK,2,6,8.5,118.0,-139.0
2021-05-22,ATL,PIT,6,1,9.5,-215.0,181.0
2021-05-22,CIN,MIL,3,4,9.0,-160.0,140.0
2021-05-22,CLE,MIN,5,3,7.5,-168.0,145.0
2021-05-22,COL,ARI,7,6,11.0,-104.0,-120.0
2021-05-22,FLA,NYM,3,1,7.0,-157.0,138.0
2021-05-22,KCR,DET,7,5,8.5,-148.0,127.0
2021-05-22,NYY,CHW,7,0,7.5,-205.0,175.0
2021-05-22,PHI,BOS,3,4,9.0,117.0,-137.0
2021-05-22,SDP,SEA,6,4,7.5,-200.0,175.0
2021-05-22,SFG,LAD,3,6,7.5,138.0,-159.0
2021-05-22,STL,CHC,2,1,8.5,105.0,-121.0
2021-05-22,TEX,HOU,8,4,9.0,151.0,-173.0
2021-05-22,TOR,TBD,1,3,9.0,-120.0,104.0
2021-05-22,WSN,BAL,12,9,9.5,-159.0,136.0
2021-05-23,ANA,OAK,6,5,8.5,105.0,-122.0
2021-05-23,ATL,PIT,7,1,8.0,-215.0,185.0
2021-05-23,CIN,MIL,4,9,8.0,-105.0,-120.0
2021-05-23,CLE,MIN,5,8,9.0,-142.0,125.0
2021-05-23,COL,ARI,4,3,12.0,-134.0,115.0
2021-05-23,FLA,NYM,5,1,7.0,-154.0,134.0
2021-05-23,KCR,DET,3,2,9.0,-145.0,126.0
2021-05-23,NYY,CHW,5,4,9.5,-155.0,134.0
2021-05-23,PHI,BOS,6,2,7.5,-128.0,110.0
2021-05-23,SDP,SEA,9,2,7.0,-292.0,240.0
2021-05-23,SFG,LAD,5,11,7.5,116.0,-135.0
2021-05-23,STL,CHC,1,2,9.0,-135.0,115.0
2021-05-23,TEX,HOU,3,2,9.0,129.0,-147.0
2021-05-23,TOR,TBD,4,6,9.0,-167.0,145.0
2021-05-23,WSN,BAL,6,5,9.5,-190.0,160.0
2021-05-24,CHW,STL,5,1,8.5,-185.0,160.0
2021-05-24,DET,CLE,5,6,8.5,-130.0,114.0
2021-05-24,FLA,PHI,9,6,7.0,-139.0,120.0
2021-05-24,MIL,SDP,5,3,7.0,-116.0,103.0
2021-05-24,MIN,BAL,8,3,9.0,-105.0,-112.0
2021-05-24,NYM,COL,2,3,6.5,-144.0,125.0
2021-05-24,OAK,SEA,2,4,7.5,-179.0,155.0
2021-05-24,TOR,TBD,8,14,11.0,-105.0,-111.0
2021-05-25,ANA,TEX,11,5,8.5,-180.0,155.0
2021-05-25,ARI,SFG,0,8,9.0,145.0,-167.0
2021-05-25,BOS,ATL,1,3,10.0,-108.0,-108.0
2021-05-25,CHW,STL,8,3,8.0,-134.0,115.0
2021-05-25,DET,CLE,1,4,9.0,130.0,-150.0
2021-05-25,FLA,PHI,0,2,7.0,-142.0,125.0
2021-05-25,HOU,LAD,2,9,8.5,101.0,-115.0
2021-05-25,MIL,SDP,1,7,7.0,-130.0,110.0
2021-05-25,MIN,BAL,7,4,9.5,-200.0,172.0
2021-05-25,NYM,COL,3,1,6.0,-250.0,210.0
2021-05-25,NYY,TOR,2,6,9.0,-177.0,150.0
2021-05-25,OAK,SEA,3,4,8.5,-180.0,150.0
2021-05-25,PIT,CHC,3,4,9.0,117.0,-136.0
2021-05-25,TBD,KCR,1,2,8.5,-200.0,175.0
2021-05-25,WSN,CIN,1,2,7.5,-220.0,187.0
2021-05-26,ANA,TEX,9,8,9.0,-105.0,-113.0
2021-05-26,ARI,SFG,4,5,9.0,102.0,-115.0
2021-05-26,BOS,ATL,9,5,11.0,-142.0,125.0
2021-05-26,CHW,STL,0,4,9.0,-220.0,185.0
2021-05-26,DET,CLE,1,0,9.5,110.0,-128.0
2021-05-26,FLA,PHI,4,2,7.0,145.0,-167.0
2021-05-26,HOU,LAD,5,2,8.5,143.0,-165.0
2021-05-26,MIL,SDP,1,2,8.0,105.0,-120.0
2021-05-26,MIN,BAL,3,2,8.5,-200.0,170.0
2021-05-26,OAK,SEA,6,3,8.5,-184.0,155.0
2021-05-26,PIT,CHC,1,4,8.5,110.0,-127.0
2021-05-26,TBD,KCR,2,1,7.0,-210.0,179.0
2021-05-26,WSN,CIN,5,3,,,
2021-05-27,ARI,STL,4,5,9.5,-104.0,-113.0
2021-05-27,CHW,BAL,5,1,8.5,-222.0,185.0
2021-05-27,DET,CLE,2,5,7.0,145.0,-168.0
2021-05-27,FLA,PHI,2,3,7.0,-144.0,125.0
2021-05-27,LAD,SFG,4,3,7.5,-144.0,127.0
2021-05-27,MIL,SDP,6,5,8.0,-103.0,-115.0
2021-05-27,NYM,COL,1,0,5.0,-129.0,110.0
2021-05-27,NYM,COL,4,2,6.5,-133.0,115.0
2021-05-27,NYY,TOR,0,2,7.0,-122.0,106.0
2021-05-27,NYY,TOR,5,3,9.5,-147.0,127.0
2021-05-27,OAK,ANA,5,0,8.0,-195.0,170.0
2021-05-27,PIT,CHC,3,5,7.5,130.0,-148.0
2021-05-27,SEA,TEX,5,0,8.5,-109.0,-107.0
2021-05-27,TBD,KCR,7,2,7.5,-175.0,150.0
2021-05-27,WSN,CIN,0,3,10.0,-143.0,125.0
2021-05-28,ARI,STL,6,8,9.5,-137.0,116.0
2021-05-28,BOS,FLA,5,2,8.5,-167.0,146.0
2021-05-28,CHC,CIN,1,0,6.5,-180.0,160.0
2021-05-28,CLE,TOR,2,11,7.5,145.0,-167.0
2021-05-28,DET,NYY,3,2,7.0,240.0,-286.0
2021-05-28,HOU,SDP,3,10,8.0,-114.0,-102.0
2021-05-28,LAD,SFG,5,8,7.5,-213.0,183.0
2021-05-28,MIN,KCR,3,8,9.0,-167.0,145.0
2021-05-28,OAK,ANA,3,1,7.5,-150.0,130.0
2021-05-28,SEA,TEX,3,2,8.5,-125.0,108.0
2021-05-29,ARI,STL,4,7,10.0,128.0,-148.0
2021-05-29,BOS,FLA,3,1,7.5,-170.0,145.0
2021-05-29,CHC,CIN,10,2,7.0,-115.0,102.0
2021-05-29,CHW,BAL,7,4,7.0,-225.0,185.0
2021-05-29,CHW,BAL,3,1,8.5,-230.0,197.0
2021-05-29,DET,NYY,6,1,8.5,110.0,-130.0
2021-05-29,HOU,SDP,8,11,8.0,135.0,-160.0
2021-05-29,LAD,SFG,6,11,7.5,-200.0,170.0
2021-05-29,MIN,KCR,6,5,9.5,-161.0,136.0
2021-05-29,NYM,ATL,13,2,6.5,130.0,-153.0
2021-05-29,OAK,ANA,0,4,8.0,-140.0,123.0
2021-05-29,PIT,COL,7,0,7.5,-105.0,-112.0
2021-05-29,PIT,COL,4,0,5.5,102.0,-120.0
2021-05-29,SEA,TEX,3,2,8.5,-110.0,-110.0
2021-05-29,TBD,PHI,5,3,7.0,-125.0,107.0
2021-05-29,WSN,MIL,1,4,9.0,-120.0,-100.0
2021-05-29,WSN,MIL,2,6,6.5,-123.0,107.0
2021-05-30,ARI,STL,9,2,9.0,-113.0,-105.0
2021-05-30,CHC,CIN,1,5,8.0,-118.0,-102.0
2021-05-30,CHW,BAL,3,1,8.0,-225.0,185.0
2021-05-30,CLE,TOR,1,4,6.5,-112.0,-105.0
2021-05-30,CLE,TOR,6,5,8.5,115.0,-135.0
2021-05-30,DET,NYY,6,2,9.0,163.0,-190.0
2021-05-30,HOU,SDP,7,4,8.5,-120.0,102.0
2021-05-30,LAD,SFG,4,5,7.0,-170.0,145.0
2021-05-30,MIN,KCR,3,6,9.0,-130.0,112.0
2021-05-30,OAK,ANA,2,4,9.0,-143.0,123.0
2021-05-30,PIT,COL,3,4,7.5,-120.0,-102.0
2021-05-30,SEA,TEX,4,2,8.0,-155.0,133.0
2021-05-30,TBD,PHI,6,2,7.5,-145.0,125.0
2021-05-30,WSN,MIL,0,3,6.0,-114.0,-105.0
2021-05-31,ARI,NYM,2,6,7.0,156.0,-180.0
2021-05-31,ATL,WSN,5,3,8.5,-195.0,165.0
2021-05-31,BAL,MIN,2,3,8.5,137.0,-157.0
2021-05-31,CHC,SDP,7,2,10.0,123.0,-141.0
2021-05-31,CIN,PHI,11,1,8.5,-112.0,-106.0
2021-05-31,CLE,CHW,6,8,5.5,149.0,-169.0
2021-05-31,CLE,CHW,3,1,8.0,-143.0,120.0
2021-05-31,HOU,BOS,11,2,9.0,-103.0,-114.0
2021-05-31,KCR,PIT,7,3,8.0,-195.0,170.0
2021-05-31,LAD,STL,9,4,7.0,-200.0,170.0
2021-05-31,MIL,DET,3,2,7.0,-305.0,255.0
2021-05-31,NYY,TBD,1,3,8.5,-131.0,114.0
2021-05-31,SEA,OAK,6,5,8.5,118.0,-135.0
2021-05-31,SFG,ANA,6,1,8.0,-155.0,135.0
2021-06-01,ARI,NYM,6,5,9.0,-104.0,-115.0
2021-06-01,ATL,WSN,6,11,9.0,-140.0,120.0
2021-06-01,BAL,MIN,7,4,9.0,145.0,-170.0
2021-06-01,CHC,SDP,4,3,8.5,-130.0,110.0
2021-06-01,CIN,PHI,3,17,7.5,-115.0,-101.0
2021-06-01,CLE,CHW,6,5,7.0,-165.0,140.0
2021-06-01,COL,TEX,3,2,9.5,-110.0,109.0
2021-06-01,HOU,BOS,5,1,9.0,-162.0,140.0
2021-06-01,KCR,PIT,10,5,8.5,-170.0,145.0
2021-06-01,LAD,STL,2,3,8.5,-198.0,170.0
2021-06-01,MIL,DET,7,10,7.5,-180.0,150.0
2021-06-01,NYY,TBD,5,3,7.5,115.0,-135.0
2021-06-01,SEA,OAK,6,12,7.5,135.0,-159.0
2021-06-01,SFG,ANA,1,8,7.0,-161.0,138.0
2021-06-01,TOR,FLA,5,1,8.5,-162.0,135.0
2021-06-02,ARI,NYM,6,7,8.5,-118.0,102.0
2021-06-02,ATL,WSN,3,5,9.5,-152.0,132.0
2021-06-02,BAL,MIN,6,3,9.5,110.0,-129.0
2021-06-02,CHC,SDP,6,1,7.0,-122.0,106.0
2021-06-02,COL,TEX,6,3,11.0,-101.0,-115.0
2021-06-02,HOU,BOS,2,1,9.0,-143.0,122.0
2021-06-02,LAD,STL,14,3,8.0,-245.0,205.0
2021-06-02,NYY,TBD,4,3,8.5,-139.0,120.0
2021-06-02,SEA,OAK,0,6,8.0,135.0,-159.0
2021-06-02,TOR,FLA,6,5,8.0,-170.0,145.0
2021-06-03,ANA,SEA,2,6,9.0,-160.0,140.0
2021-06-03,ATL,WSN,5,1,10.0,-136.0,117.0
2021-06-03,CHW,DET,4,1,8.0,-222.0,187.0
2021-06-03,COL,TEX,11,6,10.5,-135.0,115.0
2021-06-03,HOU,BOS,1,5,9.0,-117.0,-103.0
2021-06-03,KCR,MIN,6,5,9.5,-120.0,103.0
2021-06-03,MIL,ARI,7,4,9.5,-175.0,150.0
2021-06-03,NYY,TBD,2,9,7.5,-205.0,172.0
2021-06-03,PIT,FLA,5,3,7.5,-110.0,-109.0
2021-06-03,SDP,NYM,4,3,6.5,-194.0,165.0
2021-06-03,SFG,CHC,7,2,8.0,-125.0,110.0
2021-06-03,STL,CIN,2,4,8.0,-147.0,125.0
2021-06-04,ANA,SEA,3,2,8.5,-167.0,145.0
2021-06-04,ATL,LAD,5,9,8.5,125.0,-148.0
2021-06-04,BAL,CLE,3,1,8.5,-110.0,-108.0
2021-06-04,CHW,DET,9,8,8.5,-158.0,135.0
2021-06-04,COL,OAK,5,9,11.0,130.0,-149.0
2021-06-04,KCR,MIN,14,5,9.5,-134.0,115.0
2021-06-04,MIL,ARI,5,1,8.5,-200.0,170.0
2021-06-04,NYY,BOS,2,5,9.0,-108.0,-110.0
2021-06-04,PHI,WSN,1,2,7.0,-104.0,-115.0
2021-06-04,PIT,FLA,9,2,8.0,-110.0,-110.0
2021-06-04,SDP,NYM,2,0,7.0,-182.0,155.0
2021-06-04,SFG,CHC,8,5,8.5,-110.0,-109.0
2021-06-04,STL,CIN,4,6,8.5,-134.0,115.0
2021-06-04,TEX,TBD,5,4,8.0,112.0,-132.0
2021-06-04,TOR,HOU,1,13,8.5,-140.0,120.0
2021-06-05,ANA,SEA,12,5,8.0,-160.0,135.0
2021-06-05,ATL,LAD,6,4,8.0,115.0,-130.0
2021-06-05,BAL,CLE,4,10,8.5,-127.0,110.0
2021-06-05,CHW,DET,3,4,8.0,-250.0,200.0
2021-06-05,COL,OAK,3,6,12.0,115.0,-133.0
2021-06-05,KCR,MIN,4,5,9.0,-109.0,-110.0
2021-06-05,MIL,ARI,7,5,8.0,-240.0,205.0
2021-06-05,NYY,BOS,3,7,9.5,-142.0,120.0
2021-06-05,PHI,WSN,5,2,10.0,-122.0,105.0
2021-06-05,PIT,FLA,8,7,7.5,108.0,-124.0
2021-06-05,SDP,NYM,0,4,5.5,105.0,-120.0
2021-06-05,SFG,CHC,4,3,7.5,-162.0,139.0
2021-06-05,STL,CIN,2,5,9.0,-105.0,-115.0
2021-06-05,TEX,TBD,0,3,8.0,130.0,-150.0
2021-06-05,TOR,HOU,6,2,10.0,-106.0,-110.0
2021-06-06,ANA,SEA,5,9,9.0,-160.0,138.0
2021-06-06,ATL,LAD,4,2,8.5,125.0,-143.0
2021-06-06,BAL,CLE,18,5,9.0,-103.0,-116.0
2021-06-06,CHW,DET,3,0,9.0,-215.0,180.0
2021-06-06,COL,OAK,3,1,11.0,-112.0,-105.0
2021-06-06,KCR,MIN,1,2,9.0,-140.0,120.0
2021-06-06,MIL,ARI,2,0,8.0,-265.0,220.0
2021-06-06,NYY,BOS,5,6,9.5,-155.0,132.0
2021-06-06,PHI,WSN,12,6,9.5,-125.0,107.0
2021-06-06,PIT,FLA,1,3,8.5,108.0,-124.0
2021-06-06,SDP,NYM,2,6,7.0,-150.0,130.0
2021-06-06,SFG,CHC,3,4,8.0,-106.0,-112.0
2021-06-06,STL,CIN,7,8,8.5,-120.0,105.0
2021-06-06,TEX,TBD,1,7,8.0,113.0,-131.0
2021-06-06,TOR,HOU,3,6,9.5,-114.0,-105.0
2021-06-07,ANA,KCR,8,3,9.0,-154.0,130.0
2021-06-07,BOS,FLA,5,3,7.0,-155.0,135.0
2021-06-07,SDP,CHC,9,4,8.0,-120.0,102.0
2021-06-08,ANA,KCR,8,1,8.5,-164.0,144.0
2021-06-08,BAL,NYM,10,3,9.5,-105.0,-115.0
2021-06-08,BOS,HOU,1,7,10.0,105.0,-125.0
2021-06-08,CHW,TOR,6,1,8.5,-150.0,130.0
2021-06-08,CIN,MIL,1,5,8.5,-149.0,125.0
2021-06-08,DET,SEA,5,3,8.5,-138.0,118.0
2021-06-08,FLA,COL,6,2,7.0,-190.0,160.0
2021-06-08,MIN,NYY,4,8,9.5,-105.0,-115.0
2021-06-08,OAK,ARI,5,2,8.5,-240.0,200.0
2021-06-08,PHI,ATL,5,9,9.0,-162.0,138.0
2021-06-08,PIT,LAD,3,5,8.5,170.0,-200.0
2021-06-08,SDP,CHC,1,7,8.0,-195.0,165.0
2021-06-08,STL,CLE,1,10,7.0,145.0,-166.0
2021-06-08,TBD,WSN,3,1,7.5,-240.0,200.0
2021-06-08,TEX,SFG,4,9,8.5,130.0,-150.0
2021-06-09,ANA,KCR,6,1,9.0,-157.0,135.0
2021-06-09,BAL,NYM,1,14,9.5,120.0,-139.0
2021-06-09,BOS,HOU,3,8,10.0,-140.0,120.0
2021-06-09,CHW,TOR,2,6,8.0,-157.0,135.0
2021-06-09,CIN,MIL,7,3,9.5,-120.0,-103.0
2021-06-09,DET,SEA,6,9,9.0,-134.0,115.0
2021-06-09,FLA,COL,3,4,7.5,-119.0,-102.0
2021-06-09,MIN,NYY,6,9,8.5,170.0,-200.0
2021-06-09,OAK,ARI,4,0,8.5,-195.0,168.0
2021-06-09,PHI,ATL,2,1,9.0,-136.0,120.0
2021-06-09,PIT,LAD,1,2,9.0,163.0,-190.0
2021-06-09,SDP,CHC,1,3,8.0,-270.0,220.0
2021-06-09,STL,CLE,8,2,8.0,-134.0,115.0
2021-06-09,TBD,WSN,7,9,7.5,-175.0,145.0
2021-06-09,TEX,SFG,4,3,7.5,-110.0,-110.0
2021-06-10,BOS,HOU,12,8,9.0,-108.0,-110.0
2021-06-10,CHW,TOR,5,2,9.0,-102.0,-116.0
2021-06-10,CIN,MIL,2,7,8.0,-104.0,-112.0
2021-06-10,DET,SEA,8,3,9.5,-120.0,102.0
2021-06-10,FLA,COL,11,4,7.5,-210.0,175.0
2021-06-10,MIN,NYY,7,5,11.0,128.0,-148.0
2021-06-10,OAK,KCR,1,6,8.0,-152.0,134.0
2021-06-10,PHI,ATL,4,3,7.5,-134.0,115.0
2021-06-10,PIT,LAD,3,6,8.0,215.0,-250.0
2021-06-11,ARI,ANA,5,6,9.0,128.0,-150.0
2021-06-11,BOS,TOR,6,5,9.5,-120.0,-104.0
2021-06-11,CHC,STL,8,5,9.5,-149.0,130.0
2021-06-11,CIN,COL,11,5,9.5,-210.0,180.0
2021-06-11,CLE,SEA,7,0,9.0,-159.0,138.0
2021-06-11,DET,CHW,4,5,8.5,130.0,-150.0
2021-06-11,FLA,ATL,4,3,7.0,102.0,-120.0
2021-06-11,LAD,TEX,12,1,8.0,-345.0,280.0
2021-06-11,MIL,PIT,7,4,7.5,-325.0,265.0
2021-06-11,MIN,HOU,4,6,10.5,125.0,-145.0
2021-06-11,NYM,SDP,3,2,6.0,-172.0,145.0
2021-06-11,OAK,KCR,4,3,8.5,-135.0,115.0
2021-06-11,TBD,BAL,4,2,8.0,-180.0,155.0
2021-06-11,WSN,SFG,0,1,7.5,-185.0,155.0
2021-06-12,ARI,ANA,7,8,9.0,102.0,-118.0
2021-06-12,BOS,TOR,2,7,9.5,-124.0,105.0
2021-06-12,CHC,STL,7,2,8.5,-182.0,155.0
2021-06-12,CIN,COL,10,3,9.0,-157.0,135.0
2021-06-12,CLE,SEA,5,4,8.0,-120.0,-102.0
2021-06-12,DET,CHW,2,15,9.0,155.0,-185.0
2021-06-12,FLA,ATL,4,2,8.0,145.0,-170.0
2021-06-12,LAD,TEX,1,12,8.0,-280.0,233.0
2021-06-12,MIL,PIT,7,4,7.5,-300.0,250.0
2021-06-12,MIN,HOU,5,2,9.5,-103.0,-114.0
2021-06-12,NYM,SDP,4,1,7.0,120.0,-138.0
2021-06-12,OAK,KCR,11,2,9.0,-162.0,138.0
2021-06-12,PHI,NYY,8,7,9.0,106.0,-125.0
2021-06-12,TBD,BAL,5,4,8.0,-225.0,188.0
2021-06-12,WSN,SFG,2,0,7.5,-180.0,162.0
2021-06-12,WSN,SFG,1,2,7.0,104.0,-120.0
2021-06-13,ARI,ANA,3,10,9.5,115.0,-134.0
2021-06-13,BOS,TOR,4,18,10.5,110.0,-130.0
2021-06-13,CHC,STL,2,0,9.5,-133.0,114.0
2021-06-13,CIN,COL,6,2,10.0,-158.0,138.0
2021-06-13,CLE,SEA,2,6,7.5,-240.0,195.0
2021-06-13,DET,CHW,1,4,9.0,190.0,-235.0
2021-06-13,FLA,ATL,4,6,8.0,-129.0,110.0
2021-06-13,LAD,TEX,5,3,8.0,-227.0,188.0
2021-06-13,MIL,PIT,5,2,8.5,-184.0,155.0
2021-06-13,MIN,HOU,3,14,9.5,135.0,-158.0
2021-06-13,NYM,SDP,3,7,8.0,112.0,-130.0
2021-06-13,OAK,KCR,6,3,8.5,-205.0,175.0
2021-06-13,PHI,NYY,7,0,8.0,-127.0,106.0
2021-06-13,TBD,BAL,7,1,8.0,-178.0,150.0
2021-06-13,WSN,SFG,5,0,9.0,-110.0,-108.0
2021-06-14,BOS,TOR,2,1,9.5,-132.0,112.0
2021-06-14,CHW,TBD,2,5,7.0,105.0,-119.0
2021-06-14,CLE,BAL,4,3,8.5,-160.0,142.0
2021-06-14,COL,SDP,3,2,11.5,135.0,-157.0
2021-06-14,KCR,DET,3,10,9.5,-161.0,135.0
2021-06-14,LAD,PHI,3,1,9.5,-180.0,155.0
2021-06-14,MIL,CIN,2,10,9.5,-140.0,120.0
2021-06-14,NYM,CHC,5,2,8.5,-134.0,115.0
2021-06-14,OAK,ANA,8,5,8.0,-148.0,128.0
2021-06-14,SEA,MIN,4,3,8.0,125.0,-144.0
2021-06-14,SFG,ARI,5,2,8.0,-180.0,157.0
2021-06-14,STL,FLA,4,2,8.5,-200.0,173.0
2021-06-14,WSN,PIT,3,2,8.5,-130.0,110.0
2021-06-15,ATL,BOS,8,10,9.5,-116.0,103.0
2021-06-15,CHW,TBD,3,0,8.5,-115.0,-102.0
2021-06-15,CLE,BAL,7,2,8.5,-177.0,152.0
2021-06-15,COL,SDP,8,4,11.5,205.0,-245.0
2021-06-15,HOU,TEX,6,3,8.5,-190.0,160.0
2021-06-15,KCR,DET,3,4,8.5,-135.0,116.0
2021-06-15,LAD,PHI,5,3,8.5,-165.0,145.0
2021-06-15,MIL,CIN,1,2,9.0,-107.0,-110.0
2021-06-15,NYM,CHC,3,2,8.5,-140.0,120.0
2021-06-15,OAK,ANA,6,4,8.0,-127.0,110.0
2021-06-15,SEA,MIN,10,0,8.5,115.0,-135.0
2021-06-15,SFG,ARI,9,8,7.5,-192.0,166.0
2021-06-15,STL,FLA,2,1,7.5,-130.0,110.0
2021-06-15,TOR,NYY,5,6,9.5,-125.0,108.0
2021-06-15,WSN,PIT,8,1,8.5,-170.0,146.0
2021-06-16,ATL,BOS,8,10,9.5,-150.0,133.0
2021-06-16,CHW,TBD,8,7,7.5,-134.0,114.0
2021-06-16,CLE,BAL,8,7,8.0,-157.0,140.0
2021-06-16,COL,SDP,8,7,12.0,170.0,-200.0
2021-06-16,HOU,TEX,8,4,9.0,-250.0,210.0
2021-06-16,KCR,DET,5,6,9.0,-150.0,130.0
2021-06-16,LAD,PHI,0,2,7.0,-149.0,128.0
2021-06-16,MIL,CIN,1,2,7.5,-144.0,125.0
2021-06-16,NYM,CHC,6,3,6.5,-300.0,255.0
2021-06-16,OAK,ANA,8,4,9.0,-122.0,105.0
2021-06-16,SEA,MIN,2,7,8.5,120.0,-140.0
2021-06-16,SFG,ARI,13,7,8.0,-182.0,155.0
2021-06-16,STL,FLA,1,0,7.5,-112.0,-105.0
2021-06-16,TOR,NYY,2,3,8.5,145.0,-170.0
2021-06-16,WSN,PIT,3,1,9.0,-170.0,145.0
2021-06-17,ANA,DET,7,5,8.5,-230.0,195.0
2021-06-17,ATL,STL,4,0,9.5,-190.0,163.0
2021-06-17,CLE,BAL,10,3,9.5,-120.0,-102.0
2021-06-17,COL,MIL,7,3,10.5,138.0,-160.0
2021-06-17,HOU,CHW,10,2,9.0,-132.0,110.0
2021-06-17,NYM,CHC,0,2,7.5,-114.0,102.0
2021-06-17,SDP,CIN,6,4,7.5,-195.0,161.0
2021-06-17,SEA,TBD,6,5,8.5,150.0,-180.0
2021-06-17,SFG,ARI,10,3,7.5,-225.0,188.0
2021-06-17,TOR,NYY,4,8,10.5,-108.0,-108.0
2021-06-18,ANA,DET,11,3,9.5,-225.0,188.0
2021-06-18,ARI,LAD,0,3,9.5,179.0,-210.0
2021-06-18,ATL,STL,9,1,9.5,-164.0,140.0
2021-06-18,BAL,TOR,7,1,10.0,185.0,-210.0
2021-06-18,CHC,FLA,2,10,9.0,-175.0,148.0
2021-06-18,COL,MIL,6,5,10.5,165.0,-191.0
2021-06-18,HOU,CHW,2,1,8.0,105.0,-115.0
2021-06-18,KCR,BOS,5,3,10.5,138.0,-160.0
2021-06-18,NYY,OAK,3,5,9.5,-141.0,120.0
2021-06-18,PIT,CLE,11,10,9.0,115.0,-132.0
2021-06-18,SDP,CIN,8,2,9.0,-200.0,170.0
2021-06-18,SEA,TBD,5,1,7.5,-106.0,-110.0
2021-06-18,SFG,PHI,5,3,8.5,-148.0,128.0
2021-06-18,TEX,MIN,5,7,9.0,143.0,-165.0
2021-06-18,WSN,NYM,1,0,9.0,-130.0,-115.0
2021-06-19,ANA,DET,8,3,9.5,-210.0,180.0
2021-06-19,ARI,LAD,3,9,9.0,210.0,-250.0
2021-06-19,BAL,TOR,7,10,10.0,145.0,-170.0
2021-06-19,CHC,FLA,1,11,9.0,-130.0,110.0
2021-06-19,COL,MIL,5,6,10.5,-118.0,101.0
2021-06-19,HOU,CHW,7,3,7.5,-128.0,110.0
2021-06-19,KCR,BOS,1,7,11.0,105.0,-122.0
2021-06-19,NYY,OAK,7,5,9.5,-125.0,107.0
2021-06-19,PIT,CLE,6,3,8.5,102.0,-120.0
2021-06-19,SDP,CIN,7,5,9.0,-157.0,135.0
2021-06-19,SEA,TBD,6,5,8.0,128.0,-148.0
2021-06-19,SFG,PHI,6,13,7.5,-118.0,100.0
2021-06-19,TEX,MIN,2,3,9.0,-110.0,-105.0
2021-06-19,WSN,NYM,1,5,6.5,138.0,-158.0
2021-06-19,WSN,NYM,6,2,7.0,-114.0,-105.0
2021-06-20,ANA,DET,3,5,9.5,-158.0,140.0
2021-06-20,ARI,LAD,8,9,9.0,155.0,-180.0
2021-06-20,ATL,STL,1,9,9.5,-120.0,103.0
2021-06-20,ATL,STL,1,0,7.5,-132.0,112.0
2021-06-20,BAL,TOR,4,7,10.5,155.0,-186.0
2021-06-20,CHC,FLA,2,0,9.0,-155.0,135.0
2021-06-20,COL,MIL,6,7,12.0,120.0,-136.0
2021-06-20,HOU,CHW,8,2,8.5,-143.0,125.0
2021-06-20,KCR,BOS,7,3,9.5,120.0,-138.0
2021-06-20,NYY,OAK,2,1,10.0,-144.0,124.0
2021-06-20,PIT,CLE,1,2,8.0,-134.0,115.0
2021-06-20,SDP,CIN,3,2,8.0,-130.0,110.0
2021-06-20,SEA,TBD,6,2,8.5,140.0,-162.0
2021-06-20,SFG,PHI,11,2,8.0,-125.0,110.0
2021-06-20,TEX,MIN,2,4,8.5,110.0,-130.0
2021-06-20,WSN,NYM,5,2,8.5,-115.0,103.0
2021-06-21,ARI,MIL,5,1,9.5,108.0,-126.0
2021-06-21,BAL,HOU,2,10,10.5,150.0,-177.0
2021-06-21,CHC,CLE,0,4,7.0,-145.0,125.0
2021-06-21,MIN,CIN,7,5,9.5,101.0,-115.0
2021-06-21,NYM,ATL,4,2,5.0,-265.0,234.0
2021-06-21,NYM,ATL,0,1,6.5,135.0,-152.0
2021-06-21,SDP,LAD,6,2,7.0,-140.0,120.0
2021-06-21,TEX,OAK,8,3,8.0,106.0,-125.0
2021-06-22,ANA,SFG,0,5,9.0,-125.0,110.0
2021-06-22,ARI,MIL,0,5,8.0,125.0,-145.0
2021-06-22,BAL,HOU,1,3,9.5,163.0,-190.0
2021-06-22,CHC,CLE,7,1,8.5,-200.0,170.0
2021-06-22,DET,STL,8,2,9.0,-100.0,-116.0
2021-06-22,FLA,TOR,1,2,7.5,-116.0,102.0
2021-06-22,MIN,CIN,7,10,9.0,-125.0,108.0
2021-06-22,NYM,ATL,0,3,7.0,-105.0,-110.0
2021-06-22,NYY,KCR,5,6,7.5,-283.0,232.0
2021-06-22,PHI,WSN,2,3,6.5,-115.0,-101.0
2021-06-22,PIT,CHW,6,3,7.5,150.0,-173.0
2021-06-22,SDP,LAD,3,2,7.5,110.0,-124.0
2021-06-22,SEA,COL,2,1,8.5,-170.0,146.0
2021-06-22,TBD,BOS,5,9,8.0,-120.0,101.0
2021-06-22,TEX,OAK,6,13,9.5,116.0,-132.0
2021-06-23,ANA,SFG,3,9,8.0,107.0,-125.0
2021-06-23,ARI,MIL,2,3,7.5,188.0,-225.0
2021-06-23,BAL,HOU,0,13,9.5,185.0,-220.0
2021-06-23,DET,STL,6,2,9.0,104.0,-120.0
2021-06-23,FLA,TOR,1,3,7.5,106.0,-125.0
2021-06-23,NYM,ATL,7,3,8.5,-150.0,130.0
2021-06-23,NYY,KCR,6,5,10.0,-180.0,155.0
2021-06-23,PHI,WSN,12,13,9.0,-108.0,-107.0
2021-06-23,PIT,CHW,3,4,8.5,145.0,-170.0
2021-06-23,SDP,LAD,5,3,7.5,-115.0,102.0
2021-06-23,SEA,COL,2,5,8.5,-105.0,-110.0
2021-06-23,TBD,BOS,8,2,9.0,-152.0,130.0
2021-06-23,TEX,OAK,5,3,9.0,128.0,-145.0
2021-06-24,CIN,ATL,5,3,10.5,-135.0,116.0
2021-06-24,DET,HOU,3,12,10.0,200.0,-240.0
2021-06-24,FLA,WSN,3,7,8.5,108.0,-121.0
2021-06-24,LAD,CHC,0,4,8.5,-270.0,220.0
2021-06-24,MIN,CLE,1,4,9.5,-200.0,165.0
2021-06-24,NYY,KCR,8,1,9.0,-217.0,185.0
2021-06-24,STL,PIT,2,8,9.0,-162.0,140.0
2021-06-24,TBD,BOS,1,0,9.0,-114.0,-105.0
2021-06-24,TEX,OAK,1,5,8.0,130.0,-150.0
2021-06-24,TOR,BAL,9,0,10.5,-205.0,175.0
2021-06-25,BOS,NYY,5,3,10.5,110.0,-126.0
2021-06-25,CHW,SEA,3,9,7.5,-200.0,172.0
2021-06-25,CIN,ATL,2,3,11.0,-110.0,-105.0
2021-06-25,FLA,WSN,11,2,7.5,-146.0,128.0
2021-06-25,LAD,CHC,6,2,9.5,-181.0,155.0
2021-06-25,MIL,COL,5,4,7.5,-290.0,235.0
2021-06-25,MIN,CLE,8,7,9.5,-130.0,110.0
2021-06-25,NYM,PHI,2,1,5.5,-125.0,108.0
2021-06-25,NYM,PHI,1,2,7.0,-148.0,130.0
2021-06-25,SDP,ARI,11,5,8.5,-333.0,270.0
2021-06-25,SFG,OAK,2,0,8.0,-105.0,-115.0
2021-06-25,STL,PIT,4,5,9.0,-175.0,150.0
2021-06-25,TBD,ANA,4,3,8.0,-175.0,149.0
2021-06-25,TEX,KCR,9,4,8.0,-121.0,105.0
2021-06-25,TOR,BAL,5,6,11.0,-275.0,225.0
2021-06-26,BOS,NYY,4,2,10.0,-120.0,102.0
2021-06-26,CHW,SEA,2,3,,,
2021-06-26,CIN,ATL,4,1,9.0,-124.0,105.0
2021-06-26,DET,HOU,3,1,9.5,230.0,-280.0
2021-06-26,DET,HOU,2,3,7.5,200.0,-240.0
2021-06-26,FLA,WSN,3,2,7.5,-108.0,-109.0
2021-06-26,LAD,CHC,3,2,9.0,-205.0,175.0
2021-06-26,MIL,COL,10,4,8.0,-180.0,155.0
2021-06-26,NYM,PHI,4,3,6.5,-270.0,222.0
2021-06-26,SDP,ARI,1,10,8.0,-270.0,222.0
2021-06-26,SFG,OAK,6,5,8.0,-121.0,105.0
2021-06-26,STL,PIT,3,1,8.0,-170.0,145.0
2021-06-26,TBD,ANA,13,3,7.5,-160.0,140.0
2021-06-26,TEX,KCR,8,0,8.0,-157.0,135.0
2021-06-26,TOR,BAL,12,4,10.5,-275.0,230.0
2021-06-27,BOS,NYY,9,2,9.5,130.0,-150.0
2021-06-27,CHW,SEA,7,5,8.5,-200.0,172.0
2021-06-27,CIN,ATL,0,4,9.5,-141.0,125.0
2021-06-27,DET,HOU,2,1,9.0,148.0,-175.0
2021-06-27,FLA,WSN,1,5,6.5,110.0,-130.0
2021-06-27,LAD,CHC,7,1,8.0,-210.0,180.0
2021-06-27,MIL,COL,5,0,9.0,-195.0,165.0
2021-06-27,MIN,CLE,8,2,9.5,-135.0,115.0
2021-06-27,NYM,PHI,2,4,7.0,-119.0,105.0
2021-06-27,SDP,ARI,5,4,7.5,-270.0,230.0
2021-06-27,SFG,OAK,2,6,8.5,-170.0,145.0
2021-06-27,STL,PIT,2,7,9.0,-143.0,125.0
2021-06-27,TBD,ANA,4,6,8.0,-159.0,135.0
2021-06-27,TEX,KCR,4,1,9.0,-107.0,-110.0
2021-06-27,TOR,BAL,5,2,10.5,-265.0,220.0
2021-06-28,BOS,KCR,6,5,11.0,-160.0,138.0
2021-06-28,CIN,PHI,12,4,8.5,-115.0,-102.0
2021-06-28,CLE,DET,13,5,9.5,-161.0,140.0
2021-06-28,COL,PIT,2,0,11.5,-120.0,-100.0
2021-06-28,HOU,BAL,7,9,9.0,-355.0,290.0
2021-06-28,LAD,SFG,3,2,8.5,-170.0,150.0
2021-06-28,MIL,CHC,14,4,7.0,-154.0,134.0
2021-06-28,NYY,ANA,3,5,10.5,-168.0,144.0
2021-06-28,STL,ARI,7,1,8.5,-178.0,150.0
2021-06-28,WSN,NYM,8,4,,,
2021-06-29,ATL,NYM,3,4,9.0,-165.0,140.0
2021-06-29,BOS,KCR,7,6,10.5,-240.0,200.0
2021-06-29,CHW,MIN,7,6,8.5,-130.0,115.0
2021-06-29,CIN,SDP,4,5,10.5,117.0,-139.0
2021-06-29,COL,PIT,8,0,10.5,-180.0,155.0
2021-06-29,HOU,BAL,3,13,9.0,-310.0,255.0
2021-06-29,LAD,SFG,3,1,7.5,-160.0,135.0
2021-06-29,MIL,CHC,2,1,7.5,-245.0,205.0
2021-06-29,NYY,ANA,11,5,10.0,-159.0,137.0
2021-06-29,OAK,TEX,4,5,8.5,-200.0,170.0
2021-06-29,PHI,FLA,4,3,9.0,-110.0,-105.0
2021-06-29,STL,ARI,3,2,9.0,-159.0,140.0
2021-06-29,TOR,SEA,9,3,9.5,-235.0,200.0
2021-06-29,WSN,TBD,4,3,9.5,-114.0,-104.0
2021-06-30,ATL,NYM,20,2,9.0,-159.0,136.0
2021-06-30,BOS,KCR,6,2,11.0,-149.0,130.0
2021-06-30,CHW,MIN,13,3,9.0,-126.0,110.0
2021-06-30,CIN,SDP,5,7,10.0,170.0,-195.0
2021-06-30,CLE,DET,4,9,7.5,-195.0,165.0
2021-06-30,CLE,DET,1,7,9.5,-200.0,172.0
2021-06-30,COL,PIT,6,2,11.0,-163.0,140.0
2021-06-30,HOU,BAL,2,5,9.5,-300.0,245.0
2021-06-30,MIL,CHC,15,7,8.5,-160.0,138.0
2021-06-30,NYY,ANA,8,11,9.5,-125.0,-105.0
2021-06-30,OAK,TEX,3,1,8.0,-200.0,170.0
2021-06-30,PHI,FLA,6,11,8.5,-235.0,195.0
2021-06-30,STL,ARI,7,4,8.5,-220.0,180.0
2021-06-30,TOR,SEA,7,9,10.5,-255.0,216.0
2021-06-30,WSN,TBD,15,6,9.5,112.0,-130.0
2021-07-01,ARI,SFG,5,3,9.0,133.0,-152.0
2021-07-01,ATL,NYM,4,3,7.0,145.0,-170.0
2021-07-01,BOS,KCR,15,1,10.0,-245.0,205.0
2021-07-01,CHW,MIN,8,5,8.5,-150.0,128.0
2021-07-01,CIN,SDP,5,4,9.5,-125.0,110.0
2021-07-01,CLE,HOU,2,7,8.5,159.0,-181.0
2021-07-01,COL,STL,5,2,11.0,115.0,-133.0
2021-07-01,OAK,TEX,3,8,8.0,-185.0,160.0
2021-07-01,PIT,MIL,2,7,8.0,210.0,-250.0
2021-07-01,TOR,SEA,2,7,10.0,-190.0,168.0
2021-07-01,WSN,LAD,2,6,9.5,123.0,-142.0
2021-07-02,ANA,BAL,8,7,10.0,-186.0,163.0
2021-07-02,ARI,SFG,4,11,8.5,135.0,-157.0
2021-07-02,ATL,FLA,1,0,9.0,-115.0,104.0
2021-07-02,CIN,CHC,2,1,10.0,-150.0,129.0
2021-07-02,CLE,HOU,3,6,9.0,140.0,-164.0
2021-07-02,COL,STL,3,9,13.0,-105.0,-115.0
2021-07-02,DET,CHW,2,8,8.5,130.0,-153.0
2021-07-02,KCR,MIN,7,4,10.0,-114.0,-105.0
2021-07-02,OAK,BOS,2,3,8.5,-102.0,-117.0
2021-07-02,PHI,SDP,4,3,8.5,-118.0,102.0
2021-07-02,PIT,MIL,2,7,7.5,-102.0,-120.0
2021-07-02,SEA,TEX,5,4,8.0,-125.0,108.0
2021-07-02,TOR,TBD,11,1,10.0,-128.0,109.0
2021-07-02,WSN,LAD,5,10,8.0,105.0,-121.0
2021-07-03,ANA,BAL,4,1,9.5,-213.0,180.0
2021-07-03,ARI,SFG,5,6,9.0,142.0,-168.0
2021-07-03,ATL,FLA,2,3,9.0,-125.0,107.0
2021-07-03,CIN,CHC,3,2,9.5,-130.0,112.0
2021-07-03,CLE,HOU,2,3,9.5,126.0,-144.0
2021-07-03,COL,STL,3,2,12.0,-110.0,-105.0
2021-07-03,DET,CHW,11,5,9.0,-110.0,-108.0
2021-07-03,KCR,MIN,6,3,10.0,-125.0,105.0
2021-07-03,NYY,NYM,3,8,8.5,-155.0,137.0
2021-07-03,OAK,BOS,7,6,9.5,-140.0,120.0
2021-07-03,PHI,SDP,4,2,8.0,135.0,-160.0
2021-07-03,PIT,MIL,2,11,9.5,135.0,-160.0
2021-07-03,SEA,TEX,3,7,9.0,-164.0,145.0
2021-07-03,TOR,TBD,6,3,10.0,-122.0,105.0
2021-07-03,WSN,LAD,3,5,8.5,210.0,-245.0
2021-07-04,ANA,BAL,6,5,10.5,-240.0,200.0
2021-07-04,ARI,SFG,2,5,9.0,164.0,-190.0
2021-07-04,ATL,FLA,8,7,8.5,-178.0,154.0
2021-07-04,CIN,CHC,3,2,9.5,-115.0,100.0
2021-07-04,CLE,HOU,3,4,9.0,128.0,-148.0
2021-07-04,COL,STL,3,2,11.0,-162.0,139.0
2021-07-04,DET,CHW,6,5,9.5,160.0,-185.0
2021-07-04,KCR,MIN,2,6,10.0,120.0,-139.0
2021-07-04,NYY,NYM,5,10,9.0,-153.0,134.0
2021-07-04,NYY,NYM,4,2,7.0,-152.0,132.0
2021-07-04,OAK,BOS,0,1,9.0,-112.0,-104.0
2021-07-04,PHI,SDP,1,11,9.0,117.0,-136.0
2021-07-04,PIT,MIL,2,0,7.5,170.0,-200.0
2021-07-04,SEA,TEX,4,1,9.0,-145.0,125.0
2021-07-04,TOR,TBD,1,5,10.0,-174.0,150.0
2021-07-04,WSN,LAD,1,5,9.0,115.0,-135.0
2021-07-05,ANA,BOS,4,5,10.0,112.0,-132.0
2021-07-05,CHC,PHI,3,13,11.0,-155.0,134.0
2021-07-05,FLA,LAD,5,4,6.5,113.0,-130.0
2021-07-05,KCR,CIN,2,6,10.5,-129.0,115.0
2021-07-05,MIN,CHW,8,5,10.0,110.0,-128.0
2021-07-05,NYM,MIL,4,2,7.5,114.0,-130.0
2021-07-05,PIT,ATL,11,1,9.0,165.0,-195.0
2021-07-05,SDP,WSN,5,7,8.5,-260.0,218.0
2021-07-05,SFG,STL,3,5,7.5,-220.0,188.0
2021-07-05,TBD,CLE,9,8,8.5,-205.0,170.0
2021-07-05,TEX,DET,3,7,9.0,-167.0,143.0
2021-07-06,ANA,BOS,5,3,8.5,-102.0,-118.0
2021-07-06,ARI,COL,4,3,8.5,-134.0,115.0
2021-07-06,BAL,TOR,7,5,11.0,170.0,-200.0
2021-07-06,CHC,PHI,10,15,10.0,125.0,-144.0
2021-07-06,FLA,LAD,2,1,8.0,120.0,-140.0
2021-07-06,HOU,OAK,9,6,8.5,-165.0,141.0
2021-07-06,KCR,CIN,7,6,9.5,138.0,-160.0
2021-07-06,MIN,CHW,1,4,8.0,108.0,-125.0
2021-07-06,PIT,ATL,2,1,9.0,162.0,-190.0
2021-07-06,SDP,WSN,7,4,9.0,-170.0,150.0
2021-07-06,SEA,NYY,1,12,9.5,145.0,-170.0
2021-07-06,SFG,STL,5,6,8.0,-140.0,120.0
2021-07-06,TEX,DET,10,5,9.0,-178.0,155.0
2021-07-07,ANA,BOS,5,4,9.0,112.0,-130.0
2021-07-07,ARI,COL,6,4,9.5,-110.0,-110.0
2021-07-07,BAL,TOR,2,10,11.0,165.0,-200.0
2021-07-07,CHC,PHI,8,3,7.0,125.0,-145.0
2021-07-07,FLA,LAD,9,6,9.0,149.0,-170.0
2021-07-07,HOU,OAK,4,3,8.5,-160.0,140.0
2021-07-07,KCR,CIN,2,5,9.5,114.0,-133.0
2021-07-07,MIN,CHW,1,6,8.5,-103.0,-111.0
2021-07-07,NYM,MIL,4,3,7.0,-278.0,230.0
2021-07-07,NYM,MIL,0,5,7.0,-119.0,104.0
2021-07-07,PIT,ATL,3,14,9.5,133.0,-157.0
2021-07-07,SDP,WSN,5,15,8.5,-180.0,150.0
2021-07-07,SEA,NYY,4,5,8.5,-122.0,105.0
2021-07-07,SFG,STL,5,2,8.5,-180.0,155.0
2021-07-07,TBD,CLE,8,1,7.0,-160.0,135.0
2021-07-07,TBD,CLE,4,0,9.0,-160.0,140.0
2021-07-07,TEX,DET,3,5,8.0,-150.0,131.0
2021-07-08,ARI,COL,3,9,9.5,-120.0,-102.0
2021-07-08,CHC,PHI,0,8,7.0,-110.0,-106.0
2021-07-08,CLE,KCR,7,4,9.5,-140.0,120.0
2021-07-08,FLA,LAD,1,6,7.0,140.0,-167.0
2021-07-08,HOU,OAK,1,2,9.0,-180.0,155.0
2021-07-08,MIL,CIN,5,3,8.5,-117.0,-100.0
2021-07-08,MIN,DET,5,3,9.5,-136.0,120.0
2021-07-08,SDP,WSN,9,8,7.0,-158.0,135.0
2021-07-08,SEA,NYY,4,0,8.5,120.0,-140.0
2021-07-09,BAL,CHW,1,12,10.0,120.0,-139.0
2021-07-09,BOS,PHI,11,5,11.5,-135.0,116.0
2021-07-09,CHC,STL,10,5,8.0,-159.0,135.0
2021-07-09,CLE,KCR,2,1,9.5,-146.0,125.0
2021-07-09,FLA,ATL,0,5,8.0,135.0,-154.0
2021-07-09,HOU,NYY,0,4,9.0,-135.0,115.0
2021-07-09,LAD,ARI,2,5,9.0,-295.0,240.0
2021-07-09,MIL,CIN,0,2,8.5,-125.0,105.0
2021-07-09,MIN,DET,4,2,9.5,-235.0,205.0
2021-07-09,NYM,PIT,13,4,8.0,-215.0,180.0
2021-07-09,SDP,COL,4,2,9.0,-210.0,176.0
2021-07-09,SEA,ANA,7,3,9.0,107.0,-125.0
2021-07-09,SFG,WSN,5,3,8.5,-151.0,134.0
2021-07-09,TBD,TOR,7,1,8.5,-127.0,110.0
2021-07-09,TEX,OAK,3,2,9.5,114.0,-132.0
2021-07-10,BAL,CHW,3,8,10.5,182.0,-215.0
2021-07-10,BOS,PHI,2,11,11.0,-162.0,140.0
2021-07-10,CHC,STL,0,6,8.0,-115.0,101.0
2021-07-10,CLE,KCR,14,6,9.0,-130.0,110.0
2021-07-10,FLA,ATL,4,5,7.0,-110.0,-105.0
2021-07-10,HOU,NYY,0,1,8.5,-105.0,-110.0
2021-07-10,LAD,ARI,22,1,8.0,-335.0,270.0
2021-07-10,MIL,CIN,3,4,8.5,-220.0,183.0
2021-07-10,MIN,DET,9,4,9.5,-188.0,160.0
2021-07-10,NYM,PIT,2,6,6.0,-198.0,170.0
2021-07-10,NYM,PIT,4,2,7.5,-220.0,185.0
2021-07-10,SDP,COL,0,3,7.5,-220.0,188.0
2021-07-10,SEA,ANA,2,0,8.5,-104.0,-114.0
2021-07-10,SFG,WSN,10,4,9.0,-200.0,170.0
2021-07-10,TBD,TOR,5,2,9.0,-118.0,103.0
2021-07-10,TEX,OAK,4,8,9.0,115.0,-134.0
2021-07-11,BAL,CHW,5,7,10.0,150.0,-175.0
2021-07-11,BOS,PHI,4,5,10.5,-200.0,170.0
2021-07-11,FLA,ATL,7,4,6.5,-130.0,114.0
2021-07-11,HOU,NYY,8,7,8.5,-132.0,115.0
2021-07-11,LAD,ARI,7,4,9.0,-315.0,255.0
2021-07-11,MIL,CIN,1,3,7.5,-180.0,150.0
2021-07-11,MIN,DET,12,9,8.5,-250.0,204.0
2021-07-11,NYM,PIT,5,6,9.0,-230.0,195.0
2021-07-11,SDP,COL,1,3,8.5,-200.0,165.0
2021-07-11,SEA,ANA,1,7,9.0,-120.0,104.0
2021-07-11,SFG,WSN,3,1,8.0,-200.0,175.0
2021-07-11,TBD,TOR,1,3,8.5,110.0,-126.0
2021-07-11,TEX,OAK,1,4,8.0,120.0,-143.0
2021-07-16,ANA,SEA,5,6,8.5,-158.0,136.0
2021-07-16,ARI,CHC,1,5,9.5,135.0,-157.0
2021-07-16,ATL,TBD,6,7,8.5,-134.0,115.0
2021-07-16,CHW,HOU,1,7,9.0,110.0,-129.0
2021-07-16,CIN,MIL,6,11,9.5,-130.0,110.0
2021-07-16,COL,LAD,4,10,12.0,215.0,-259.0
2021-07-16,KCR,BAL,9,2,9.5,-159.0,138.0
2021-07-16,NYY,BOS,0,4,9.5,-104.0,-115.0
2021-07-16,OAK,CLE,5,4,8.0,-196.0,165.0
2021-07-16,PHI,FLA,5,2,7.0,115.0,-133.0
2021-07-16,PHI,FLA,0,7,8.5,120.0,-140.0
2021-07-16,PIT,NYM,4,1,8.5,145.0,-168.0
2021-07-16,STL,SFG,2,7,8.0,-115.0,-105.0
2021-07-16,TOR,TEX,10,2,9.5,-282.0,227.0
2021-07-16,WSN,SDP,8,24,9.5,130.0,-151.0
2021-07-17,ANA,SEA,9,4,8.5,-140.0,120.0
2021-07-17,ARI,CHC,2,4,9.0,110.0,-130.0
2021-07-17,ATL,TBD,9,0,8.5,-119.0,100.0
2021-07-17,CHW,HOU,10,1,9.0,-115.0,-105.0
2021-07-17,CIN,MIL,4,7,8.0,120.0,-140.0
2021-07-17,COL,LAD,2,9,11.5,205.0,-250.0
2021-07-17,DET,MIN,1,0,7.5,105.0,-124.0
2021-07-17,DET,MIN,5,4,7.0,153.0,-180.0
2021-07-17,KCR,BAL,4,8,9.5,-165.0,142.0
2021-07-17,NYY,BOS,3,1,8.0,-135.0,115.0
2021-07-17,OAK,CLE,2,3,8.5,-180.0,154.0
2021-07-17,PHI,FLA,4,2,,,
2021-07-17,PIT,NYM,9,7,9.0,145.0,-166.0
2021-07-17,STL,SFG,3,1,8.0,-101.0,-116.0
2021-07-17,WSN,SDP,4,10,,,
2021-07-18,ANA,SEA,4,7,8.5,-139.0,120.0
2021-07-18,ARI,CHC,6,4,9.0,-105.0,-113.0
2021-07-18,ATL,TBD,5,7,9.0,-115.0,-103.0
2021-07-18,CHW,HOU,4,0,8.0,-138.0,120.0
2021-07-18,CIN,MIL,0,8,7.5,103.0,-121.0
2021-07-18,COL,LAD,6,5,11.5,140.0,-158.0
2021-07-18,DET,MIN,7,0,10.5,110.0,-130.0
2021-07-18,KCR,BAL,0,5,10.0,-150.0,130.0
2021-07-18,NYY,BOS,9,1,9.5,-124.0,105.0
2021-07-18,OAK,CLE,2,4,8.0,-171.0,150.0
2021-07-18,PHI,FLA,7,4,9.5,-124.0,105.0
2021-07-18,PIT,NYM,6,7,8.5,125.0,-143.0
2021-07-18,STL,SFG,2,1,9.0,-100.0,-120.0
2021-07-18,TOR,TEX,5,0,7.5,-240.0,200.0
2021-07-18,TOR,TEX,10,0,9.5,-237.0,195.0
2021-07-18,WSN,SDP,8,7,9.5,120.0,-138.0
2021-07-19,ARI,PIT,4,2,9.5,-120.0,102.0
2021-07-19,CHW,MIN,2,3,7.0,-235.0,194.0
2021-07-19,CHW,MIN,5,3,8.5,-136.0,118.0
2021-07-19,CIN,NYM,11,15,11.0,-116.0,-102.0
2021-07-19,DET,TEX,14,0,9.0,-108.0,-110.0
2021-07-19,HOU,CLE,4,3,9.0,-230.0,192.0
2021-07-19,LAD,SFG,2,7,8.0,-130.0,110.0
2021-07-19,OAK,ANA,4,1,8.0,-120.0,100.0
2021-07-19,STL,CHC,8,3,8.5,-100.0,-120.0
2021-07-19,TBD,BAL,1,6,9.0,-290.0,235.0
2021-07-19,TOR,BOS,4,13,10.5,-132.0,112.0
2021-07-19,WSN,FLA,18,1,9.5,-140.0,120.0
2021-07-20,ARI,PIT,11,6,9.0,-106.0,-111.0
2021-07-20,ATL,SDP,2,1,9.0,150.0,-176.0
2021-07-20,CHW,MIN,9,5,9.5,-140.0,120.0
2021-07-20,CIN,NYM,4,3,10.5,-150.0,133.0
2021-07-20,COL,SEA,4,6,11.0,-184.0,155.0
2021-07-20,DET,TEX,4,1,9.0,-120.0,101.0
2021-07-20,HOU,CLE,9,3,8.5,-221.0,186.0
2021-07-20,LAD,SFG,8,6,8.5,-145.0,125.0
2021-07-20,MIL,KCR,2,5,9.5,-167.0,140.0
2021-07-20,NYY,PHI,6,4,9.0,115.0,-135.0
2021-07-20,OAK,ANA,6,0,8.5,-158.0,138.0
2021-07-20,STL,CHC,6,7,9.0,-115.0,-105.0
2021-07-20,TBD,BAL,9,3,7.5,-200.0,173.0
2021-07-20,WSN,FLA,6,3,9.0,-110.0,-110.0
2021-07-21,ARI,PIT,6,4,9.0,-130.0,112.0
2021-07-21,ATL,SDP,2,3,7.5,104.0,-120.0
2021-07-21,ATL,SDP,5,6,,,
2021-07-21,CHW,MIN,2,7,9.0,-157.0,135.0
2021-07-21,CIN,NYM,0,7,10.5,117.0,-137.0
2021-07-21,COL,SEA,6,3,11.0,-149.0,129.0
2021-07-21,DET,TEX,4,2,9.5,-120.0,-102.0
2021-07-21,HOU,CLE,4,5,8.5,-270.0,225.0
2021-07-21,LAD,SFG,2,4,8.5,-169.0,145.0
2021-07-21,MIL,KCR,3,6,9.0,-185.0,160.0
2021-07-21,NYY,PHI,6,5,10.5,-108.0,-110.0
2021-07-21,STL,CHC,3,2,8.0,-135.0,115.0
2021-07-21,TBD,BAL,5,4,8.5,-235.0,196.0
2021-07-21,TOR,BOS,4,7,10.5,-210.0,176.0
2021-07-21,WSN,FLA,1,3,9.5,-166.0,145.0
2021-07-22,BOS,NYY,5,4,9.5,-150.0,130.0
2021-07-22,CLE,TBD,4,5,9.5,116.0,-135.0
2021-07-22,DET,TEX,7,5,9.5,-145.0,125.0
2021-07-22,FLA,SDP,2,3,8.5,135.0,-159.0
2021-07-22,LAD,SFG,3,5,8.0,-190.0,167.0
2021-07-22,MIN,ANA,2,3,9.0,-125.0,105.0
2021-07-22,PHI,ATL,2,7,8.5,125.0,-145.0
2021-07-22,SEA,OAK,1,4,7.5,125.0,-145.0
2021-07-22,STL,CHC,3,2,8.5,-127.0,111.0
2021-07-23,BAL,WSN,6,1,10.5,112.0,-132.0
2021-07-23,BOS,NYY,6,2,8.5,-116.0,100.0
2021-07-23,CHC,ARI,8,3,9.5,-140.0,120.0
2021-07-23,CIN,STL,6,5,9.5,-165.0,145.0
2021-07-23,CLE,TBD,5,10,9.5,110.0,-130.0
2021-07-23,FLA,SDP,2,5,7.5,125.0,-145.0
2021-07-23,HOU,TEX,7,3,8.5,-217.0,183.0
2021-07-23,KCR,DET,5,3,10.5,-115.0,-105.0
2021-07-23,LAD,COL,6,9,9.0,-300.0,247.0
2021-07-23,MIL,CHW,7,1,8.0,-130.0,110.0
2021-07-23,MIN,ANA,5,4,9.5,-110.0,-109.0
2021-07-23,NYM,TOR,3,0,8.5,-114.0,100.0
2021-07-23,PHI,ATL,5,1,7.5,-157.0,135.0
2021-07-23,SEA,OAK,4,3,8.0,105.0,-124.0
2021-07-23,SFG,PIT,4,6,8.5,-197.0,169.0
2021-07-24,BAL,WSN,5,3,11.0,117.0,-135.0
2021-07-24,BOS,NYY,3,4,9.0,-177.0,150.0
2021-07-24,CHC,ARI,3,7,10.5,-177.0,155.0
2021-07-24,CIN,STL,5,3,9.0,-182.0,155.0
2021-07-24,CLE,TBD,2,8,10.5,139.0,-160.0
2021-07-24,FLA,SDP,3,2,9.0,140.0,-163.0
2021-07-24,HOU,TEX,4,1,8.0,-222.0,189.0
2021-07-24,KCR,DET,9,8,10.0,-145.0,125.0
2021-07-24,LAD,COL,1,0,8.5,-210.0,180.0
2021-07-24,MIL,CHW,6,1,7.0,-137.0,119.0
2021-07-24,MIN,ANA,1,2,9.0,-130.0,110.0
2021-07-24,NYM,TOR,3,10,8.5,100.0,-118.0
2021-07-24,PHI,ATL,3,15,10.5,-125.0,109.0
2021-07-24,SEA,OAK,5,4,7.5,-101.0,-116.0
2021-07-24,SFG,PIT,2,10,8.0,-285.0,235.0
2021-07-25,BAL,WSN,5,4,10.5,101.0,-115.0
2021-07-25,BOS,NYY,5,4,10.5,-140.0,120.0
2021-07-25,CHC,ARI,5,1,9.0,-189.0,162.0
2021-07-25,CIN,STL,6,10,10.0,-168.0,144.0
2021-07-25,CLE,TBD,3,2,9.0,150.0,-175.0
2021-07-25,FLA,SDP,9,3,7.5,185.0,-220.0
2021-07-25,HOU,TEX,3,1,8.5,-267.0,220.0
2021-07-25,KCR,DET,6,1,10.0,-108.0,-110.0
2021-07-25,LAD,COL,3,2,8.5,-187.0,157.0
2021-07-25,MIL,CHW,1,3,7.5,-161.0,140.0
2021-07-25,MIN,ANA,2,6,10.5,-125.0,105.0
2021-07-25,NYM,TOR,5,4,9.5,103.0,-120.0
2021-07-25,PHI,ATL,2,1,9.5,-167.0,143.0
2021-07-25,SEA,OAK,4,3,8.5,115.0,-135.0
2021-07-25,SFG,PIT,6,1,7.5,-200.0,170.0
2021-07-26,ANA,COL,6,2,7.5,-157.0,135.0
2021-07-26,BOS,TOR,5,4,11.5,-140.0,120.0
2021-07-26,CHC,CIN,6,5,8.5,-139.0,120.0
2021-07-26,KCR,CHW,4,3,9.5,105.0,-124.0
2021-07-26,MIN,DET,6,5,10.0,-173.0,150.0
2021-07-26,NYM,ATL,0,2,6.5,-151.0,130.0
2021-07-26,NYM,ATL,1,0,5.5,-157.0,135.0
2021-07-26,PHI,WSN,6,5,9.5,-133.0,114.0
2021-07-26,SEA,HOU,11,8,8.5,150.0,-175.0
2021-07-27,ANA,COL,3,12,9.0,-135.0,116.0
2021-07-27,BAL,FLA,3,7,9.0,114.0,-133.0
2021-07-27,CHC,CIN,4,7,10.5,-170.0,145.0
2021-07-27,CLE,STL,2,4,9.5,-101.0,-120.0
2021-07-27,KCR,CHW,3,5,9.5,135.0,-152.0
2021-07-27,MIN,DET,5,6,9.0,-190.0,164.0
2021-07-27,NYM,ATL,5,12,9.0,129.0,-148.0
2021-07-27,PHI,WSN,4,6,10.5,-126.0,109.0
2021-07-27,PIT,MIL,0,9,9.0,135.0,-154.0
2021-07-27,SDP,OAK,7,4,8.5,-151.0,131.0
2021-07-27,SEA,HOU,6,8,8.0,145.0,-165.0
2021-07-27,SFG,LAD,2,1,8.5,103.0,-121.0
2021-07-27,TBD,NYY,3,4,7.5,-140.0,120.0
2021-07-27,TEX,ARI,5,4,8.5,-150.0,130.0
2021-07-28,ANA,COL,8,7,9.0,-216.0,180.0
2021-07-28,BAL,FLA,8,7,9.5,-135.0,115.0
2021-07-28,BOS,TOR,1,4,11.0,125.0,-143.0
2021-07-28,BOS,TOR,4,1,8.0,-134.0,115.0
2021-07-28,CHC,CIN,2,8,10.0,-105.0,-115.0
2021-07-28,CLE,STL,7,2,8.5,-105.0,-115.0
2021-07-28,KCR,CHW,3,2,10.0,155.0,-180.0
2021-07-28,MIN,DET,14,17,10.0,-140.0,120.0
2021-07-28,NYM,ATL,2,1,7.5,-130.0,110.0
2021-07-28,PIT,MIL,3,7,9.0,130.0,-150.0
2021-07-28,SDP,OAK,4,10,8.0,-132.0,114.0
2021-07-28,SEA,HOU,4,11,8.5,-104.0,-115.0
2021-07-28,SFG,LAD,0,8,7.5,110.0,-130.0
2021-07-28,TBD,NYY,1,3,8.5,-139.0,120.0
2021-07-28,TEX,ARI,2,3,9.0,-122.0,104.0
2021-07-29,ANA,OAK,0,4,9.0,135.0,-155.0
2021-07-29,BOS,TOR,1,13,10.5,-121.0,104.0
2021-07-29,CHC,CIN,4,7,7.0,115.0,-135.0
2021-07-29,DET,BAL,6,2,10.0,-155.0,133.0
2021-07-29,KCR,CHW,5,0,9.5,156.0,-185.0
2021-07-29,NYM,ATL,3,6,8.5,-130.0,110.0
2021-07-29,PHI,WSN,1,3,5.5,-155.0,135.0
2021-07-29,PHI,WSN,11,8,8.0,-236.0,195.0
2021-07-29,PIT,MIL,0,12,8.0,170.0,-200.0
2021-07-29,SDP,COL,3,0,8.0,-285.0,232.0
2021-07-29,SFG,LAD,5,0,8.5,105.0,-125.0
2021-07-29,TBD,NYY,14,0,7.5,110.0,-130.0
2021-07-30,ANA,OAK,0,2,8.5,102.0,-120.0
2021-07-30,ARI,LAD,6,5,9.0,175.0,-205.0
2021-07-30,ATL,MIL,5,9,8.5,130.0,-149.0
2021-07-30,CHW,CLE,6,4,8.0,-250.0,205.0
2021-07-30,DET,BAL,3,4,9.0,-153.0,133.0
2021-07-30,FLA,NYY,1,3,7.5,150.0,-170.0
2021-07-30,NYM,CIN,2,6,8.0,-142.0,125.0
2021-07-30,PIT,PHI,7,0,9.0,115.0,-136.0
2021-07-30,SDP,COL,4,9,8.0,-210.0,180.0
2021-07-30,SFG,HOU,6,9,8.5,-126.0,110.0
2021-07-30,STL,MIN,5,1,9.0,-155.0,135.0
2021-07-30,TBD,BOS,7,3,9.0,-140.0,120.0
2021-07-30,TEX,SEA,5,9,7.5,139.0,-158.0
2021-07-30,TOR,KCR,6,4,10.0,-242.0,202.0
2021-07-30,WSN,CHC,4,3,9.0,-134.0,115.0
2021-07-31,ANA,OAK,1,0,10.0,130.0,-150.0
2021-07-31,ARI,LAD,3,8,9.5,155.0,-180.0
2021-07-31,ATL,MIL,8,1,9.0,124.0,-142.0
2021-07-31,CHW,CLE,11,12,9.0,-154.0,135.0
2021-07-31,DET,BAL,2,5,9.5,-113.0,-105.0
2021-07-31,FLA,NYY,2,4,7.5,122.0,-143.0
2021-07-31,NYM,CIN,5,4,9.0,-127.0,110.0
2021-07-31,PIT,PHI,3,2,7.5,160.0,-190.0
2021-07-31,SDP,COL,3,5,7.0,-200.0,170.0
2021-07-31,SFG,HOU,8,6,8.5,-118.0,-100.0
2021-07-31,STL,MIN,1,8,8.5,-132.0,115.0
2021-07-31,TBD,BOS,9,5,8.5,-115.0,-105.0
2021-07-31,TEX,SEA,5,4,8.5,116.0,-135.0
2021-07-31,TOR,KCR,4,0,9.0,-252.0,207.0
2021-07-31,WSN,CHC,3,6,8.0,-124.0,105.0
2021-08-01,ANA,OAK,3,8,9.5,-120.0,-100.0
2021-08-01,ARI,LAD,0,13,9.5,215.0,-255.0
2021-08-01,ATL,MIL,1,2,9.5,-170.0,148.0
2021-08-01,CHW,CLE,2,1,9.5,-174.0,150.0
2021-08-01,DET,BAL,6,2,10.0,-150.0,131.0
2021-08-01,FLA,NYY,1,3,7.0,141.0,-164.0
2021-08-01,NYM,CIN,1,7,8.5,-190.0,163.0
2021-08-01,PIT,PHI,4,15,8.5,135.0,-159.0
2021-08-01,SDP,COL,8,1,8.5,-160.0,140.0
2021-08-01,SFG,HOU,5,3,8.5,-120.0,105.0
2021-08-01,STL,MIN,7,3,8.0,-161.0,140.0
2021-08-01,TBD,BOS,3,2,8.5,-164.0,140.0
2021-08-01,TEX,SEA,4,3,9.0,130.0,-150.0
2021-08-01,TOR,KCR,5,1,8.5,-255.0,213.0
2021-08-01,WSN,CHC,6,5,8.5,-115.0,-105.0
2021-08-02,ARI,SFG,8,11,9.5,175.0,-210.0
2021-08-02,FLA,NYM,6,3,7.5,145.0,-165.0
2021-08-02,MIL,PIT,6,2,9.0,-222.0,184.0
2021-08-02,NYY,BAL,1,7,10.5,-305.0,247.0
2021-08-02,TBD,SEA,2,8,8.5,-212.0,178.0
2021-08-02,TEX,ANA,4,1,8.5,-112.0,-104.0
2021-08-02,TOR,CLE,2,5,9.0,-272.0,225.0
2021-08-02,WSN,PHI,5,7,8.5,108.0,-125.0
2021-08-03,ARI,SFG,3,1,9.5,155.0,-182.0
2021-08-03,CHW,KCR,7,1,9.0,-255.0,207.0
2021-08-03,CIN,MIN,5,7,9.0,-140.0,120.0
2021-08-03,COL,CHC,13,6,11.0,-148.0,128.0
2021-08-03,DET,BOS,4,2,10.0,130.0,-149.0
2021-08-03,FLA,NYM,5,4,8.5,163.0,-190.0
2021-08-03,LAD,HOU,0,3,8.5,-180.0,155.0
2021-08-03,MIL,PIT,5,8,9.0,-242.0,200.0
2021-08-03,NYY,BAL,13,1,10.5,-250.0,205.0
2021-08-03,OAK,SDP,1,8,8.5,-160.0,140.0
2021-08-03,STL,ATL,1,6,8.5,115.0,-135.0
2021-08-03,TBD,SEA,2,4,8.0,-161.0,139.0
2021-08-03,TEX,ANA,3,11,8.5,112.0,-130.0
2021-08-03,TOR,CLE,7,2,9.0,-215.0,180.0
2021-08-03,WSN,PHI,4,5,8.0,155.0,-179.0
2021-08-04,ARI,SFG,1,7,8.5,165.0,-194.0
2021-08-04,CHW,KCR,1,9,8.5,-287.0,235.0
2021-08-04,CIN,MIN,6,5,9.5,-240.0,200.0
2021-08-04,COL,CHC,2,3,11.0,-180.0,155.0
2021-08-04,DET,BOS,1,4,9.0,135.0,-157.0
2021-08-04,FLA,NYM,3,5,7.5,135.0,-160.0
2021-08-04,LAD,HOU,7,5,9.0,-235.0,195.0
2021-08-04,MIL,PIT,4,2,8.0,-275.0,225.0
2021-08-04,NYY,BAL,10,3,9.0,-277.0,225.0
2021-08-04,OAK,SDP,5,4,8.0,-123.0,108.0
2021-08-04,STL,ATL,4,7,9.0,-110.0,-110.0
2021-08-04,TBD,SEA,4,3,8.0,-158.0,135.0
2021-08-04,TEX,ANA,1,2,8.0,155.0,-184.0
2021-08-04,TOR,CLE,8,6,9.5,-215.0,182.0
2021-08-04,WSN,PHI,5,9,9.5,-115.0,-105.0
2021-08-05,ARI,SFG,4,5,9.0,145.0,-171.0
2021-08-05,CHW,KCR,2,3,9.5,-207.0,175.0
2021-08-05,CIN,PIT,7,4,9.5,-257.0,209.0
2021-08-05,COL,CHC,6,5,11.5,-154.0,133.0
2021-08-05,DET,BOS,8,1,10.0,110.0,-130.0
2021-08-05,FLA,NYM,4,2,8.0,111.0,-130.0
2021-08-05,HOU,MIN,3,5,9.5,-245.0,202.0
2021-08-05,NYY,SEA,5,3,9.5,-205.0,173.0
2021-08-05,STL,ATL,4,8,9.0,105.0,-125.0
2021-08-05,TEX,ANA,0,5,9.0,-108.0,-110.0
2021-08-05,TOR,CLE,3,0,9.0,-210.0,175.0
2021-08-05,WSN,PHI,6,7,8.5,130.0,-150.0
2021-08-06,ATL,WSN,8,4,9.0,-210.0,175.0
2021-08-06,BAL,TBD,6,10,10.0,130.0,-150.0
2021-08-06,CHC,CHW,6,8,8.5,175.0,-210.0
2021-08-06,CIN,PIT,10,0,9.5,-192.0,164.0
2021-08-06,CLE,DET,6,1,9.5,-140.0,121.0
2021-08-06,COL,FLA,14,2,9.5,-170.0,145.0
2021-08-06,HOU,MIN,4,5,9.0,-207.0,175.0
2021-08-06,LAD,ANA,3,4,8.0,-220.0,184.0
2021-08-06,MIL,SFG,2,1,7.5,-147.0,127.0
2021-08-06,NYY,SEA,3,2,10.0,-180.0,155.0
2021-08-06,OAK,TEX,4,1,8.0,-330.0,270.0
2021-08-06,PHI,NYM,4,2,9.5,-119.0,100.0
2021-08-06,SDP,ARI,5,8,9.0,-225.0,185.0
2021-08-06,STL,KCR,4,2,8.0,-194.0,165.0
2021-08-06,TOR,BOS,12,4,9.0,-143.0,122.0
2021-08-07,ATL,WSN,2,3,8.5,-275.0,221.0
2021-08-07,BAL,TBD,3,12,10.0,195.0,-236.0
2021-08-07,CHC,CHW,0,4,8.5,170.0,-200.0
2021-08-07,CIN,PIT,11,3,10.5,-210.0,175.0
2021-08-07,CLE,DET,1,2,9.5,-149.0,130.0
2021-08-07,COL,FLA,7,4,10.5,-170.0,145.0
2021-08-07,HOU,MIN,4,0,8.5,-255.0,207.0
2021-08-07,LAD,ANA,5,3,8.5,-400.0,310.0
2021-08-07,MIL,SFG,6,9,8.5,-195.0,165.0
2021-08-07,NYY,SEA,5,4,10.5,-200.0,170.0
2021-08-07,OAK,TEX,12,3,8.5,-252.0,207.0
2021-08-07,PHI,NYM,5,3,9.5,-116.0,-100.0
2021-08-07,SDP,ARI,6,2,8.0,-331.0,265.0
2021-08-07,STL,KCR,5,2,8.5,-154.0,133.0
2021-08-07,TOR,BOS,1,0,7.0,-195.0,165.0
2021-08-07,TOR,BOS,1,2,11.5,-136.0,118.0
2021-08-08,ATL,WSN,5,4,8.5,-220.0,180.0
2021-08-08,BAL,TBD,6,9,10.0,160.0,-187.0
2021-08-08,CHC,CHW,3,9,10.0,162.0,-188.0
2021-08-08,CIN,PIT,3,2,10.5,-276.0,225.0
2021-08-08,CLE,DET,7,5,9.5,-160.0,140.0
2021-08-08,COL,FLA,13,8,11.0,-170.0,149.0
2021-08-08,HOU,MIN,5,7,8.0,-184.0,157.0
2021-08-08,LAD,ANA,8,2,8.5,-360.0,290.0
2021-08-08,MIL,SFG,4,5,9.5,-112.0,-104.0
2021-08-08,NYY,SEA,0,2,9.0,-140.0,120.0
2021-08-08,OAK,TEX,6,3,8.5,-275.0,229.0
2021-08-08,PHI,NYM,3,0,8.0,-183.0,160.0
2021-08-08,SDP,ARI,2,0,8.5,-225.0,186.0
2021-08-08,STL,KCR,5,6,10.0,-135.0,120.0
2021-08-08,TOR,BOS,9,8,9.5,-190.0,161.0
2021-08-09,CLE,CIN,9,3,8.0,110.0,-128.0
2021-08-09,KCR,NYY,6,8,9.5,150.0,-174.0
2021-08-09,MIN,CHW,1,11,10.0,187.0,-225.0
2021-08-09,SDP,FLA,8,3,7.5,-267.0,224.0
2021-08-10,ANA,TOR,6,3,7.5,150.0,-174.0
2021-08-10,ANA,TOR,0,4,,,
2021-08-10,ATL,CIN,3,2,9.5,-120.0,103.0
2021-08-10,BAL,DET,4,9,10.0,115.0,-134.0
2021-08-10,BOS,TBD,4,8,10.0,-125.0,105.0
2021-08-10,CHC,MIL,2,4,9.0,180.0,-220.0
2021-08-10,CHC,MIL,3,6,8.0,130.0,-150.0
2021-08-10,CLE,OAK,3,4,9.5,125.0,-145.0
2021-08-10,HOU,COL,5,0,9.0,-190.0,161.0
2021-08-10,KCR,NYY,8,4,10.0,132.0,-152.0
2021-08-10,MIN,CHW,4,3,10.5,135.0,-155.0
2021-08-10,NYM,WSN,8,7,,,
2021-08-10,PHI,LAD,0,5,8.5,130.0,-150.0
2021-08-10,PIT,STL,1,4,9.5,115.0,-135.0
2021-08-10,SDP,FLA,6,5,7.5,-265.0,215.0
2021-08-10,SEA,TEX,4,5,8.0,-225.0,185.0
2021-08-10,SFG,ARI,8,7,8.0,-240.0,197.0
2021-08-11,ANA,TOR,2,10,9.5,163.0,-192.0
2021-08-11,ATL,CIN,8,6,9.5,-130.0,110.0
2021-08-11,BAL,DET,2,5,10.0,-104.0,-116.0
2021-08-11,BOS,TBD,20,8,10.5,-122.0,104.0
2021-08-11,CHC,MIL,0,10,10.0,230.0,-275.0
2021-08-11,CLE,OAK,3,6,9.5,140.0,-160.0
2021-08-11,HOU,COL,5,1,9.0,-260.0,215.0
2021-08-11,KCR,NYY,2,5,10.0,120.0,-139.0
2021-08-11,MIN,CHW,1,0,9.5,130.0,-150.0
2021-08-11,PHI,LAD,2,8,10.0,110.0,-128.0
2021-08-11,PIT,STL,0,4,9.0,150.0,-175.0
2021-08-11,SDP,FLA,0,7,8.0,-162.0,140.0
2021-08-11,SEA,TEX,2,1,8.0,-215.0,177.0
2021-08-11,SFG,ARI,7,2,8.0,-297.0,242.0
2021-08-12,ANA,TOR,6,3,8.5,116.0,-135.0
2021-08-12,ARI,SDP,12,3,9.0,215.0,-265.0
2021-08-12,ATL,CIN,3,12,10.0,-156.0,137.0
2021-08-12,BAL,DET,4,6,10.5,-154.0,132.0
2021-08-12,BOS,TBD,1,8,11.0,-116.0,104.0
2021-08-12,CHC,MIL,4,17,8.5,191.0,-232.0
2021-08-12,CHW,NYY,9,8,9.5,-182.0,152.0
2021-08-12,CLE,OAK,0,17,9.5,155.0,-180.0
2021-08-12,NYM,WSN,4,1,6.5,-235.0,192.0
2021-08-12,NYM,WSN,5,4,6.5,-220.0,180.0
2021-08-12,PHI,LAD,2,1,10.0,120.0,-140.0
2021-08-12,PIT,STL,6,7,9.0,116.0,-136.0
2021-08-12,SEA,TEX,3,1,8.5,-225.0,190.0
2021-08-12,SFG,COL,7,0,7.5,-202.0,172.0
2021-08-13,ANA,HOU,1,4,9.0,117.0,-135.0
2021-08-13,ARI,SDP,3,2,8.5,160.0,-186.0
2021-08-13,BOS,BAL,8,1,11.0,-270.0,225.0
2021-08-13,DET,CLE,4,7,9.5,105.0,-120.0
2021-08-13,FLA,CHC,14,10,7.5,-120.0,105.0
2021-08-13,KCR,STL,0,6,8.5,126.0,-144.0
2021-08-13,MIN,TBD,4,10,9.5,144.0,-169.0
2021-08-13,NYM,LAD,5,6,8.0,150.0,-172.0
2021-08-13,PHI,CIN,1,6,8.5,-165.0,143.0
2021-08-13,SEA,TOR,3,2,8.5,146.0,-172.0
2021-08-13,SFG,COL,5,4,8.0,-222.0,186.0
2021-08-13,TEX,OAK,8,6,8.5,145.0,-166.0
2021-08-13,WSN,ATL,2,4,9.0,150.0,-176.0
2021-08-14,ANA,HOU,2,8,9.5,175.0,-205.0
2021-08-14,ARI,SDP,7,0,9.0,195.0,-236.0
2021-08-14,BOS,BAL,16,2,10.0,-335.0,270.0
2021-08-14,CHW,NYY,5,7,8.5,-140.0,120.0
2021-08-14,DET,CLE,6,4,9.5,-134.0,115.0
2021-08-14,FLA,CHC,5,4,8.0,-162.0,142.0
2021-08-14,KCR,STL,4,9,10.0,-118.0,-102.0
2021-08-14,MIN,TBD,12,0,9.5,-110.0,-110.0
2021-08-14,NYM,LAD,1,2,8.5,170.0,-198.0
2021-08-14,PHI,CIN,6,1,9.5,115.0,-135.0
2021-08-14,PIT,MIL,14,4,9.0,185.0,-220.0
2021-08-14,PIT,MIL,0,6,7.0,172.0,-200.0
2021-08-14,SEA,TOR,9,3,9.0,130.0,-150.0
2021-08-14,SFG,COL,1,4,8.5,-225.0,186.0
2021-08-14,TEX,OAK,3,8,9.0,195.0,-235.0
2021-08-14,WSN,ATL,2,12,9.0,150.0,-177.0
2021-08-15,ANA,HOU,3,1,9.0,170.0,-200.0
2021-08-15,ARI,SDP,2,8,9.0,145.0,-168.0
2021-08-15,BOS,BAL,6,2,10.5,-312.0,252.0
2021-08-15,CHW,NYY,3,5,8.5,-171.0,147.0
2021-08-15,DET,CLE,0,11,9.0,122.0,-140.0
2021-08-15,FLA,CHC,4,1,7.0,-145.0,125.0
2021-08-15,KCR,STL,2,7,10.0,100.0,-120.0
2021-08-15,MIN,TBD,5,4,10.5,138.0,-159.0
2021-08-15,NYM,LAD,4,14,8.0,165.0,-197.0
2021-08-15,PHI,CIN,4,7,8.0,-140.0,120.0
2021-08-15,PIT,MIL,1,2,8.5,175.0,-210.0
2021-08-15,SEA,TOR,3,8,8.5,-100.0,-115.0
2021-08-15,SFG,COL,5,2,8.0,-195.0,165.0
2021-08-15,TEX,OAK,7,4,8.5,196.0,-240.0
2021-08-15,WSN,ATL,5,6,9.5,136.0,-160.0
2021-08-16,CHW,OAK,5,2,9.0,104.0,-123.0
2021-08-16,CIN,CHC,14,5,9.5,-217.0,180.0
2021-08-16,COL,SDP,6,5,13.0,115.0,-133.0
2021-08-16,FLA,ATL,2,12,8.5,145.0,-166.0
2021-08-16,KCR,HOU,7,6,10.0,135.0,-155.0
2021-08-16,LAD,PIT,2,1,9.0,-274.0,220.0
2021-08-16,MIN,CLE,5,4,9.5,-126.0,110.0
2021-08-16,NYY,ANA,2,1,10.0,-162.0,141.0
2021-08-16,SFG,NYM,7,5,9.0,-228.0,200.0
2021-08-16,TBD,BAL,9,2,8.5,-275.0,225.0
2021-08-17,ARI,PHI,3,2,9.5,132.0,-155.0
2021-08-17,CHW,OAK,9,0,9.0,-105.0,-115.0
2021-08-17,CIN,CHC,1,2,9.5,-190.0,165.0
2021-08-17,COL,SDP,7,3,12.5,-109.0,-110.0
2021-08-17,DET,ANA,2,8,9.0,-147.0,128.0
2021-08-17,FLA,ATL,0,2,7.5,125.0,-145.0
2021-08-17,KCR,HOU,3,1,9.5,152.0,-179.0
2021-08-17,LAD,PIT,4,3,9.0,-342.0,280.0
2021-08-17,MIN,CLE,1,3,9.5,-175.0,150.0
2021-08-17,NYY,BOS,5,3,10.0,-110.0,-110.0
2021-08-17,NYY,BOS,2,0,7.0,-110.0,-110.0
2021-08-17,SFG,NYM,3,2,8.0,-159.0,135.0
2021-08-17,STL,MIL,0,2,7.0,140.0,-165.0
2021-08-17,TBD,BAL,10,0,8.5,-267.0,220.0
2021-08-17,TEX,SEA,1,3,8.5,118.0,-135.0
2021-08-17,WSN,TOR,12,6,9.0,175.0,-210.0
2021-08-18,ARI,PHI,4,2,9.5,151.0,-178.0
2021-08-18,CHW,OAK,3,2,9.0,-215.0,180.0
2021-08-18,CIN,CHC,1,7,9.5,-337.0,267.0
2021-08-18,COL,SDP,7,5,14.0,130.0,-150.0
2021-08-18,DET,ANA,1,3,8.5,115.0,-132.0
2021-08-18,FLA,ATL,9,11,7.5,200.0,-237.0
2021-08-18,KCR,HOU,3,2,9.5,157.0,-184.0
2021-08-18,LAD,PIT,9,0,9.0,-317.0,261.0
2021-08-18,MIN,CLE,8,7,9.5,-115.0,-105.0
2021-08-18,NYY,BOS,5,2,10.0,-123.0,105.0
2021-08-18,SFG,NYM,2,6,9.0,-145.0,125.0
2021-08-18,STL,MIL,4,6,7.0,105.0,-125.0
2021-08-18,TBD,BAL,8,4,9.0,-335.0,270.0
2021-08-18,TEX,SEA,1,3,8.5,141.0,-165.0
2021-08-18,WSN,TOR,8,5,9.0,145.0,-170.0
2021-08-19,ARI,PHI,6,2,8.0,178.0,-210.0
2021-08-19,CHW,OAK,4,5,9.0,-157.0,135.0
2021-08-19,CIN,FLA,6,1,9.0,-331.0,260.0
2021-08-19,DET,ANA,10,13,9.5,100.0,-115.0
2021-08-19,KCR,HOU,3,6,9.0,152.0,-180.0
2021-08-19,LAD,NYM,4,1,9.0,-205.0,175.0
2021-08-19,NYY,MIN,7,5,10.0,-250.0,204.0
2021-08-19,STL,MIL,8,4,8.0,172.0,-200.0
2021-08-19,TBD,BAL,7,2,9.0,-380.0,300.0
2021-08-19,TEX,SEA,8,9,8.5,120.0,-140.0
2021-08-20,BAL,ATL,0,3,10.0,215.0,-260.0
2021-08-20,BOS,TEX,6,0,9.0,-320.0,260.0
2021-08-20,CHC,KCR,2,6,8.5,-109.0,-110.0
2021-08-20,CIN,FLA,5,3,8.5,-187.0,160.0
2021-08-20,CLE,ANA,9,1,9.5,-121.0,103.0
2021-08-20,COL,ARI,9,4,11.5,-200.0,168.0
2021-08-20,HOU,SEA,12,3,8.5,-190.0,162.0
2021-08-20,LAD,NYM,3,2,8.5,-261.0,213.0
2021-08-20,MIL,WSN,1,4,9.0,-195.0,165.0
2021-08-20,NYY,MIN,10,2,10.5,-267.0,217.0
2021-08-20,OAK,SFG,4,1,9.0,-101.0,-118.0
2021-08-20,SDP,PHI,3,4,9.0,-220.0,180.0
2021-08-20,STL,PIT,0,4,8.5,-230.0,195.0
2021-08-20,TBD,CHW,5,7,8.5,-101.0,-117.0
2021-08-20,TOR,DET,1,4,9.5,-280.0,230.0
2021-08-21,BAL,ATL,4,5,11.0,154.0,-181.0
2021-08-21,BOS,TEX,1,10,9.5,-358.0,277.0
2021-08-21,CHC,KCR,2,4,9.5,-130.0,110.0
2021-08-21,CIN,FLA,7,4,9.0,-200.0,169.0
2021-08-21,CLE,ANA,5,1,9.0,-132.0,113.0
2021-08-21,COL,ARI,5,2,11.5,-155.0,135.0
2021-08-21,HOU,SEA,15,1,9.0,-146.0,125.0
2021-08-21,LAD,NYM,4,3,9.0,-270.0,220.0
2021-08-21,MIL,WSN,9,6,9.0,-236.0,197.0
2021-08-21,NYY,MIN,7,1,7.5,-252.0,210.0
2021-08-21,OAK,SFG,5,6,8.0,-105.0,-115.0
2021-08-21,SDP,PHI,4,3,7.5,-160.0,135.0
2021-08-21,STL,PIT,4,5,9.0,-210.0,176.0
2021-08-21,TBD,CHW,8,4,9.0,-147.0,126.0
2021-08-21,TOR,DET,3,0,9.5,-262.0,212.0
2021-08-22,BAL,ATL,1,3,9.5,145.0,-170.0
2021-08-22,CHC,KCR,1,9,8.0,-115.0,-105.0
2021-08-22,CIN,FLA,3,1,8.5,-135.0,115.0
2021-08-22,CLE,ANA,3,0,9.0,-120.0,102.0
2021-08-22,COL,ARI,4,8,11.5,-185.0,160.0
2021-08-22,HOU,SEA,3,6,8.5,-205.0,175.0
2021-08-22,LAD,NYM,2,7,8.5,-181.0,155.0
2021-08-22,MIL,WSN,7,3,9.0,-232.0,190.0
2021-08-22,OAK,SFG,1,2,8.0,-104.0,-115.0
2021-08-22,SDP,PHI,4,7,9.0,-166.0,141.0
2021-08-22,STL,PIT,3,0,8.5,-240.0,200.0
2021-08-22,TBD,CHW,9,0,9.0,-123.0,105.0
2021-08-22,TOR,DET,3,5,10.0,-277.0,230.0
2021-08-23,ATL,NYY,1,5,9.0,-110.0,-110.0
2021-08-23,BOS,TEX,8,4,9.5,-305.0,250.0
2021-08-23,CHC,COL,6,4,8.5,-125.0,109.0
2021-08-23,HOU,KCR,1,7,9.0,-260.0,210.0
2021-08-23,OAK,SEA,3,5,8.5,-144.0,125.0
2021-08-23,PIT,ARI,6,5,9.5,-120.0,100.0
2021-08-23,TOR,CHW,2,1,8.5,-116.0,-101.0
2021-08-24,ATL,NYY,4,5,9.0,-140.0,120.0
2021-08-24,BAL,ANA,8,14,10.0,113.0,-132.0
2021-08-24,BOS,MIN,11,9,10.5,-232.0,190.0
2021-08-24,CLE,TEX,3,7,9.0,-174.0,150.0
2021-08-24,FLA,WSN,1,5,8.5,-115.0,-105.0
2021-08-24,HOU,KCR,4,0,8.5,-270.0,222.0
2021-08-24,MIL,CIN,7,4,7.5,-211.0,175.0
2021-08-24,NYM,SFG,0,8,8.5,-126.0,108.0
2021-08-24,OAK,SEA,1,5,8.5,-157.0,135.0
2021-08-24,PHI,TBD,1,3,9.0,102.0,-118.0
2021-08-24,PIT,ARI,4,2,8.5,-105.0,-115.0
2021-08-24,SDP,LAD,2,5,8.5,125.0,-144.0
2021-08-24,STL,DET,3,4,8.0,-240.0,200.0
2021-08-24,TOR,CHW,2,5,9.0,-133.0,115.0
2021-08-25,BAL,ANA,10,6,9.0,185.0,-225.0
2021-08-25,BOS,MIN,6,9,10.5,-165.0,142.0
2021-08-25,CHC,COL,5,2,7.0,120.0,-140.0
2021-08-25,CHC,COL,10,13,9.0,120.0,-137.0
2021-08-25,CLE,TEX,7,2,9.0,-200.0,170.0
2021-08-25,FLA,WSN,4,3,7.5,-110.0,-108.0
2021-08-25,HOU,KCR,6,5,8.0,-270.0,220.0
2021-08-25,MIL,CIN,4,1,7.5,-159.0,135.0
2021-08-25,NYM,SFG,2,3,8.5,-110.0,-108.0
2021-08-25,PHI,TBD,4,7,8.0,-160.0,140.0
2021-08-25,PIT,ARI,2,5,9.0,-105.0,-111.0
2021-08-25,SDP,LAD,3,5,8.0,125.0,-145.0
2021-08-25,STL,DET,3,2,9.0,-125.0,105.0
2021-08-25,TOR,CHW,3,1,8.5,-120.0,100.0
2021-08-26,BAL,ANA,13,1,10.5,-109.0,-110.0
2021-08-26,BOS,MIN,12,2,10.0,-278.0,230.0
2021-08-26,CLE,TEX,10,6,9.5,-161.0,140.0
2021-08-26,FLA,WSN,7,5,7.5,-119.0,-100.0
2021-08-26,MIL,CIN,1,5,8.5,-105.0,-114.0
2021-08-26,NYM,SFG,2,3,8.5,-100.0,-120.0
2021-08-26,OAK,NYY,6,7,8.5,108.0,-125.0
2021-08-26,PHI,ARI,7,8,9.0,-142.0,125.0
2021-08-26,PIT,STL,11,7,8.5,145.0,-168.0
2021-08-26,SDP,LAD,0,4,7.5,120.0,-141.0
2021-08-26,SEA,KCR,4,6,8.0,-170.0,149.0
2021-08-26,TOR,CHW,7,10,8.5,-107.0,-110.0
2021-08-27,ANA,SDP,0,5,9.0,175.0,-210.0
2021-08-27,ATL,SFG,6,5,8.5,-124.0,108.0
2021-08-27,BAL,TBD,3,6,10.0,198.0,-240.0
2021-08-27,CHW,CHC,17,13,9.5,-220.0,188.0
2021-08-27,CLE,BOS,3,4,9.5,150.0,-177.0
2021-08-27,DET,TOR,2,1,9.5,149.0,-172.0
2021-08-27,FLA,CIN,0,6,8.0,115.0,-135.0
2021-08-27,LAD,COL,2,4,8.5,-272.0,227.0
2021-08-27,MIN,MIL,2,0,9.5,116.0,-134.0
2021-08-27,NYM,WSN,1,2,9.0,-200.0,170.0
2021-08-27,OAK,NYY,2,8,7.5,150.0,-175.0
2021-08-27,PHI,ARI,7,6,8.5,-272.0,225.0
2021-08-27,PIT,STL,3,4,8.5,146.0,-167.0
2021-08-27,SEA,KCR,7,8,8.0,-185.0,160.0
2021-08-27,TEX,HOU,4,5,9.0,165.0,-190.0
2021-08-28,ANA,SDP,10,2,10.0,110.0,-130.0
2021-08-28,ATL,SFG,0,5,8.5,-110.0,-105.0
2021-08-28,BAL,TBD,3,4,9.5,142.0,-165.0
2021-08-28,CHW,CHC,0,7,9.0,-333.0,265.0
2021-08-28,CLE,BOS,3,5,9.0,120.0,-140.0
2021-08-28,DET,TOR,2,3,9.5,170.0,-198.0
2021-08-28,FLA,CIN,6,1,7.5,-107.0,-110.0
2021-08-28,LAD,COL,5,2,9.0,-255.0,213.0
2021-08-28,MIN,MIL,6,4,10.0,129.0,-146.0
2021-08-28,NYM,WSN,5,3,8.0,-235.0,190.0
2021-08-28,OAK,NYY,3,2,8.5,-126.0,-110.0
2021-08-28,PHI,ARI,7,0,8.5,-182.0,160.0
2021-08-28,PIT,STL,0,13,8.5,163.0,-190.0
2021-08-28,SEA,KCR,2,4,8.0,-158.0,139.0
2021-08-28,TEX,HOU,2,5,9.0,205.0,-250.0
2021-08-29,ATL,SFG,9,0,9.0,-129.0,115.0
2021-08-29,BAL,TBD,8,12,10.0,209.0,-255.0
2021-08-29,CHW,CHC,13,1,9.0,-270.0,220.0
2021-08-29,CLE,BOS,7,5,10.0,137.0,-157.0
2021-08-29,DET,TOR,1,2,9.0,155.0,-182.0
2021-08-29,FLA,CIN,2,1,8.0,170.0,-200.0
2021-08-29,LAD,COL,0,5,9.0,-250.0,205.0
2021-08-29,MIN,MIL,2,6,9.5,135.0,-155.0
2021-08-29,NYM,WSN,9,4,8.0,-190.0,160.0
2021-08-29,OAK,NYY,3,1,9.0,130.0,-152.0
2021-08-29,PHI,ARI,7,4,8.5,-180.0,155.0
2021-08-29,PIT,STL,4,3,9.0,140.0,-160.0
2021-08-29,SEA,KCR,4,3,8.5,-155.0,136.0
2021-08-29,TEX,HOU,13,2,8.5,185.0,-220.0
2021-08-30,ANA,NYY,8,7,9.0,171.0,-200.0
2021-08-30,ARI,SDP,5,7,9.5,160.0,-182.0
2021-08-30,CIN,STL,1,3,9.5,-210.0,180.0
2021-08-30,DET,MIN,2,3,7.0,140.0,-160.0
2021-08-30,LAD,ATL,5,3,8.5,-209.0,179.0
2021-08-30,SEA,HOU,3,4,8.0,140.0,-161.0
2021-08-30,SFG,MIL,1,3,7.5,125.0,-143.0
2021-08-30,TBD,BOS,6,1,9.0,-146.0,129.0
2021-08-30,TEX,COL,4,3,8.5,132.0,-153.0
2021-08-30,TOR,BAL,7,3,9.5,-360.0,290.0
2021-08-30,WSN,PHI,4,7,8.0,130.0,-150.0
2021-08-31,ANA,NYY,6,4,9.0,172.0,-212.0
2021-08-31,ARI,SDP,0,3,8.0,148.0,-175.0
2021-08-31,CHW,PIT,4,2,8.5,-367.0,295.0
2021-08-31,DET,OAK,3,9,9.0,-100.0,-118.0
2021-08-31,KCR,CLE,2,7,8.5,-120.0,104.0
2021-08-31,LAD,ATL,3,2,7.5,-199.0,165.0
2021-08-31,MIN,CHC,1,3,9.5,-155.0,135.0
2021-08-31,NYM,FLA,3,1,6.5,-225.0,188.0
2021-08-31,SEA,HOU,4,0,8.0,140.0,-167.0
2021-08-31,SFG,MIL,2,6,7.5,109.0,-129.0
2021-08-31,TBD,BOS,8,5,9.0,-160.0,140.0
2021-08-31,TEX,COL,4,3,8.5,110.0,-130.0
2021-08-31,TOR,BAL,2,4,9.5,-320.0,260.0
2021-08-31,WSN,PHI,6,12,9.5,-133.0,115.0
2021-09-01,ANA,NYY,1,4,8.5,237.0,-297.0
2021-09-01,ARI,SDP,8,3,9.0,182.0,-222.0
2021-09-01,CHW,PIT,6,3,8.5,-395.0,320.0
2021-09-01,CIN,STL,4,5,8.5,-160.0,136.0
2021-09-01,CIN,STL,12,2,7.0,-177.0,150.0
2021-09-01,DET,OAK,8,6,9.5,155.0,-185.0
2021-09-01,KCR,CLE,3,5,9.0,-134.0,115.0
2021-09-01,LAD,ATL,4,3,7.5,-217.0,179.0
2021-09-01,MIN,CHC,0,3,9.0,-188.0,156.0
2021-09-01,SEA,HOU,1,0,8.5,115.0,-136.0
2021-09-01,SFG,MIL,2,5,8.0,-190.0,160.0
2021-09-01,TBD,BOS,2,3,7.5,-120.0,101.0
2021-09-01,TEX,COL,5,9,8.5,120.0,-142.0
2021-09-01,TOR,BAL,5,4,10.0,-270.0,217.0
2021-09-02,CHC,PIT,6,5,8.5,-134.0,113.0
2021-09-02,COL,ATL,5,6,12.5,134.0,-157.0
2021-09-02,DET,OAK,6,8,9.0,179.0,-220.0
2021-09-02,KCR,CLE,2,4,8.5,-107.0,-108.0
2021-09-02,NYM,FLA,4,3,7.0,-154.0,130.0
2021-09-02,SFG,MIL,5,1,7.5,-189.0,159.0
2021-09-02,TBD,BOS,0,4,8.0,-167.0,139.0
2021-09-02,WSN,PHI,6,7,8.5,140.0,-166.0
2021-09-03,ANA,TEX,3,2,7.5,-195.0,162.0
2021-09-03,ARI,SEA,5,6,9.0,-103.0,-115.0
2021-09-03,BOS,CLE,8,5,9.0,-176.0,149.0
2021-09-03,CHC,PIT,6,5,8.5,-156.0,133.0
2021-09-03,CIN,DET,5,15,9.5,-181.0,150.0
2021-09-03,COL,ATL,4,3,11.0,120.0,-142.0
2021-09-03,FLA,PHI,10,3,7.5,124.0,-148.0
2021-09-03,KCR,CHW,7,2,9.5,107.0,-127.0
2021-09-03,MIL,STL,4,15,7.5,-171.0,144.0
2021-09-03,NYY,BAL,4,3,9.0,-250.0,205.0
2021-09-03,SDP,HOU,3,6,9.0,108.0,-126.0
2021-09-03,SFG,LAD,3,2,8.5,104.0,-121.0
2021-09-03,TBD,MIN,5,3,9.5,-200.0,168.0
2021-09-03,TOR,OAK,11,10,9.0,-161.0,135.0
2021-09-03,WSN,NYM,2,6,9.5,112.0,-132.0
2021-09-04,ANA,TEX,4,1,8.5,-160.0,135.0
2021-09-04,ARI,SEA,5,8,9.0,113.0,-133.0
2021-09-04,BOS,CLE,4,3,9.5,-195.0,164.0
2021-09-04,CHC,PIT,7,6,8.5,-155.0,131.0
2021-09-04,CIN,DET,7,4,9.0,-200.0,166.0
2021-09-04,COL,ATL,7,6,11.0,-105.0,-115.0
2021-09-04,FLA,PHI,3,2,7.5,105.0,-124.0
2021-09-04,KCR,CHW,7,10,9.0,135.0,-159.0
2021-09-04,MIL,STL,4,0,8.5,-127.0,108.0
2021-09-04,NYY,BAL,3,4,9.5,-355.0,287.0
2021-09-04,SDP,HOU,10,2,7.5,-114.0,-105.0
2021-09-04,SFG,LAD,1,6,8.5,139.0,-165.0
2021-09-04,TBD,MIN,11,4,9.0,-221.0,182.0
2021-09-04,TOR,OAK,10,8,9.0,-180.0,152.0
2021-09-04,WSN,NYM,9,11,,,
2021-09-04,WSN,NYM,4,3,7.5,139.0,-166.0
2021-09-05,ANA,TEX,3,7,9.5,-128.0,109.0
2021-09-05,ARI,SEA,4,10,9.0,109.0,-130.0
2021-09-05,BOS,CLE,5,11,10.0,-141.0,120.0
2021-09-05,CHC,PIT,11,8,9.5,-148.0,125.0
2021-09-05,CIN,DET,1,4,9.0,-245.0,197.0
2021-09-05,COL,ATL,2,9,11.5,173.0,-207.0
2021-09-05,FLA,PHI,3,4,7.5,-105.0,-111.0
2021-09-05,KCR,CHW,6,0,8.5,130.0,-153.0
2021-09-05,MIL,STL,6,5,7.5,-242.0,199.0
2021-09-05,NYY,BAL,7,8,10.0,-347.0,277.0
2021-09-05,SDP,HOU,4,3,8.5,-110.0,-105.0
2021-09-05,SFG,LAD,6,4,8.5,166.0,-200.0
2021-09-05,TBD,MIN,5,6,9.5,-235.0,192.0
2021-09-05,TOR,OAK,8,0,9.5,-222.0,182.0
2021-09-05,WSN,NYM,6,13,9.0,106.0,-125.0
2021-09-06,ANA,TEX,0,4,8.5,-131.0,113.0
2021-09-06,BAL,KCR,2,3,10.5,100.0,-118.0
2021-09-06,BOS,TBD,10,11,9.5,-145.0,124.0
2021-09-06,CHC,CIN,4,3,8.0,139.0,-164.0
2021-09-06,CLE,MIN,2,5,9.5,110.0,-129.0
2021-09-06,COL,SFG,5,10,10.5,122.0,-148.0
2021-09-06,HOU,SEA,11,2,8.5,-227.0,186.0
2021-09-06,MIL,PHI,0,12,7.0,-141.0,120.0
2021-09-06,NYY,TOR,0,8,10.0,-143.0,123.0
2021-09-06,PIT,DET,6,3,8.5,119.0,-139.0
2021-09-06,STL,LAD,1,5,7.5,182.0,-223.0
2021-09-06,WSN,NYM,4,3,9.5,106.0,-127.0
2021-09-07,ARI,TEX,1,3,8.5,-172.0,144.0
2021-09-07,ATL,WSN,8,5,9.0,-275.0,222.0
2021-09-07,BAL,KCR,7,3,10.0,105.0,-124.0
2021-09-07,BOS,TBD,7,12,9.5,-115.0,-103.0
2021-09-07,CHC,CIN,3,4,9.5,131.0,-154.0
2021-09-07,CLE,MIN,0,3,10.5,-131.0,110.0
2021-09-07,COL,SFG,3,12,12.0,202.0,-245.0
2021-09-07,FLA,NYM,4,9,7.5,154.0,-183.0
2021-09-07,HOU,SEA,5,4,8.5,-177.0,149.0
2021-09-07,MIL,PHI,10,0,8.5,-112.0,-104.0
2021-09-07,NYY,TOR,1,5,8.5,-250.0,205.0
2021-09-07,OAK,CHW,3,6,9.0,-130.0,110.0
2021-09-07,PIT,DET,3,2,9.0,-114.0,-105.0
2021-09-07,SDP,ANA,0,4,7.5,-339.0,270.0
2021-09-07,STL,LAD,2,7,9.0,135.0,-159.0
2021-09-08,ARI,TEX,5,8,9.0,-159.0,135.0
2021-09-08,ATL,WSN,2,4,9.5,-220.0,184.0
2021-09-08,BAL,KCR,9,8,9.5,110.0,-129.0
2021-09-08,BOS,TBD,2,1,10.0,-112.0,-106.0
2021-09-08,CHC,CIN,4,1,9.0,-104.0,-115.0
2021-09-08,CLE,MIN,0,3,9.0,-130.0,110.0
2021-09-08,COL,SFG,4,7,11.5,119.0,-140.0
2021-09-08,FLA,NYM,2,1,7.0,-104.0,-112.0
2021-09-08,HOU,SEA,5,8,8.5,-180.0,151.0
2021-09-08,MIL,PHI,4,3,8.0,-167.0,141.0
2021-09-08,NYY,TOR,3,6,9.5,-132.0,112.0
2021-09-08,OAK,CHW,5,1,8.5,-165.0,140.0
2021-09-08,PIT,DET,1,5,9.0,-126.0,108.0
2021-09-08,SDP,ANA,8,5,8.0,-305.0,247.0
2021-09-08,STL,LAD,5,4,8.5,112.0,-132.0
2021-09-09,ATL,WSN,7,6,9.5,-235.0,192.0
2021-09-09,BAL,KCR,0,6,8.5,-120.0,100.0
2021-09-09,CLE,MIN,4,1,9.0,-165.0,139.0
2021-09-09,FLA,NYM,3,2,7.5,154.0,-184.0
2021-09-09,NYY,TOR,4,6,8.5,-119.0,101.0
2021-09-09,OAK,CHW,3,1,8.0,-145.0,124.0
2021-09-09,PHI,COL,3,4,8.5,-186.0,155.0
2021-09-09,STL,LAD,2,1,9.0,142.0,-166.0
2021-09-10,ATL,FLA,6,2,8.0,-200.0,164.0
2021-09-10,BAL,TOR,6,3,9.0,247.0,-315.0
2021-09-10,CHC,SFG,1,6,9.5,130.0,-152.0
2021-09-10,CHW,BOS,4,3,8.5,-163.0,138.0
2021-09-10,CLE,MIL,3,10,9.0,120.0,-142.0
2021-09-10,DET,TBD,10,4,9.0,139.0,-167.0
2021-09-10,HOU,ANA,10,5,7.5,-210.0,176.0
2021-09-10,LAD,SDP,3,0,7.5,-160.0,135.0
2021-09-10,MIN,KCR,4,6,9.5,-134.0,115.0
2021-09-10,NYM,NYY,10,3,7.5,100.0,-119.0
2021-09-10,OAK,TEX,10,5,8.5,-187.0,157.0
2021-09-10,PHI,COL,2,11,8.5,-153.0,130.0
2021-09-10,PIT,WSN,4,3,9.0,-117.0,-102.0
2021-09-10,SEA,ARI,5,4,8.5,-159.0,135.0
2021-09-10,STL,CIN,2,4,8.0,102.0,-121.0
2021-09-11,ATL,FLA,4,6,8.0,-276.0,227.0
2021-09-11,BAL,TOR,10,11,7.5,217.0,-270.0
2021-09-11,BAL,TOR,2,11,10.5,180.0,-225.0
2021-09-11,CHC,SFG,4,15,10.5,185.0,-226.0
2021-09-11,CHW,BOS,8,9,9.5,-180.0,150.0
2021-09-11,CLE,MIL,0,3,8.5,170.0,-209.0
2021-09-11,DET,TBD,2,7,9.0,135.0,-159.0
2021-09-11,HOU,ANA,2,4,8.5,-250.0,202.0
2021-09-11,LAD,SDP,5,4,8.5,-230.0,186.0
2021-09-11,MIN,KCR,9,2,9.0,-140.0,117.0
2021-09-11,NYM,NYY,7,8,8.0,101.0,-120.0
2021-09-11,OAK,TEX,6,8,9.0,-212.0,173.0
2021-09-11,PHI,COL,6,1,7.5,-239.0,192.0
2021-09-11,PIT,WSN,10,7,9.0,120.0,-140.0
2021-09-11,SEA,ARI,3,7,8.5,-171.0,142.0
2021-09-11,STL,CIN,6,4,8.0,100.0,-116.0
2021-09-12,ATL,FLA,5,3,8.5,-300.0,240.0
2021-09-12,BAL,TOR,7,22,11.5,190.0,-236.0
2021-09-12,CHC,SFG,5,6,9.0,180.0,-215.0
2021-09-12,CHW,BOS,2,1,9.0,-174.0,145.0
2021-09-12,CLE,MIL,1,11,9.5,101.0,-115.0
2021-09-12,DET,TBD,8,7,9.0,125.0,-148.0
2021-09-12,HOU,ANA,3,1,8.5,-300.0,245.0
2021-09-12,LAD,SDP,8,0,7.5,-168.0,145.0
2021-09-12,MIN,KCR,3,5,8.5,-170.0,142.0
2021-09-12,NYM,NYY,7,6,9.0,-122.0,104.0
2021-09-12,OAK,TEX,3,4,8.5,-192.0,162.0
2021-09-12,PHI,COL,4,5,9.0,-297.0,240.0
2021-09-12,PIT,WSN,2,6,9.0,106.0,-125.0
2021-09-12,SEA,ARI,4,5,8.0,-177.0,147.0
2021-09-12,STL,CIN,2,0,9.0,106.0,-125.0
2021-09-13,LAD,ARI,5,1,8.0,-307.0,247.0
2021-09-13,NYM,STL,0,7,8.0,-107.0,-110.0
2021-09-13,NYY,MIN,6,5,10.0,-225.0,185.0
2021-09-13,SEA,BOS,5,4,8.0,106.0,-125.0
2021-09-13,SFG,SDP,9,1,8.0,-105.0,-113.0
2021-09-13,TEX,HOU,1,15,8.5,160.0,-190.0
2021-09-13,TOR,TBD,8,1,9.0,-142.0,122.0
2021-09-13,WSN,FLA,0,3,8.0,-103.0,-115.0
2021-09-14,ATL,COL,4,5,9.5,-152.0,130.0
2021-09-14,BAL,NYY,2,7,9.5,275.0,-350.0
2021-09-14,CHW,ANA,9,3,9.0,-286.0,240.0
2021-09-14,DET,MIL,1,0,9.0,180.0,-222.0
2021-09-14,KCR,OAK,10,7,8.5,140.0,-167.0
2021-09-14,LAD,ARI,8,4,9.0,-280.0,220.0
2021-09-14,MIN,CLE,1,3,9.5,-186.0,160.0
2021-09-14,MIN,CLE,6,3,7.5,-125.0,108.0
2021-09-14,NYM,STL,6,7,8.0,-185.0,155.0
2021-09-14,PHI,CHC,3,6,9.5,-202.0,170.0
2021-09-14,PIT,CIN,6,5,8.5,145.0,-175.0
2021-09-14,SEA,BOS,4,8,8.0,125.0,-145.0
2021-09-14,SFG,SDP,6,1,9.5,-200.0,170.0
2021-09-14,TEX,HOU,8,1,9.5,180.0,-217.0
2021-09-14,TOR,TBD,0,2,9.5,-143.0,120.0
2021-09-14,WSN,FLA,8,2,8.5,-149.0,125.0
2021-09-15,ATL,COL,2,3,8.5,-225.0,180.0
2021-09-15,BAL,NYY,3,4,10.0,140.0,-167.0
2021-09-15,CHW,ANA,2,3,9.5,-230.0,185.0
2021-09-15,DET,MIL,4,1,8.5,195.0,-250.0
2021-09-15,KCR,OAK,10,12,9.0,120.0,-140.0
2021-09-15,LAD,ARI,5,3,8.0,-420.0,330.0
2021-09-15,MIN,CLE,3,12,9.0,-115.0,-105.0
2021-09-15,NYM,STL,4,11,8.5,-182.0,150.0
2021-09-15,PHI,CHC,6,5,9.5,-207.0,170.0
2021-09-15,PIT,CIN,5,4,9.5,118.0,-138.0
2021-09-15,SEA,BOS,4,9,8.5,112.0,-130.0
2021-09-15,SFG,SDP,6,9,8.5,-110.0,-110.0
2021-09-15,TEX,HOU,2,7,8.5,170.0,-200.0
2021-09-15,TOR,TBD,6,3,8.5,-175.0,150.0
2021-09-15,WSN,FLA,6,8,8.5,105.0,-122.0
2021-09-16,BAL,NYY,3,2,10.5,195.0,-240.0
2021-09-16,CHW,ANA,3,9,8.5,-190.0,160.0
2021-09-16,KCR,OAK,2,7,10.5,105.0,-125.0
2021-09-16,PHI,CHC,17,8,9.0,-162.0,137.0
2021-09-16,PIT,CIN,0,1,8.5,148.0,-175.0
2021-09-16,SFG,SDP,4,7,8.0,-190.0,160.0
2021-09-16,TBD,DET,5,2,8.5,-210.0,175.0
2021-09-16,TEX,HOU,1,12,8.5,145.0,-170.0
2021-09-17,ANA,OAK,4,5,9.0,114.0,-134.0
2021-09-17,BOS,BAL,7,1,9.5,-345.0,280.0
2021-09-17,CIN,LAD,3,1,8.5,145.0,-175.0
2021-09-17,FLA,PIT,1,2,7.5,-163.0,137.0
2021-09-17,HOU,ARI,4,3,9.5,-250.0,200.0
2021-09-17,KCR,SEA,2,6,9.0,103.0,-122.0
2021-09-17,MIL,CHC,8,5,8.5,-235.0,190.0
2021-09-17,NYM,PHI,3,4,7.5,110.0,-131.0
2021-09-17,NYY,CLE,8,0,9.0,-200.0,168.0
2021-09-17,SFG,ATL,6,5,8.0,-172.0,147.0
2021-09-17,STL,SDP,8,2,9.0,-125.0,108.0
2021-09-17,TBD,DET,7,4,8.5,-225.0,184.0
2021-09-17,TEX,CHW,0,8,8.5,171.0,-202.0
2021-09-17,TOR,MIN,3,7,9.5,-222.0,181.0
2021-09-17,WSN,COL,8,9,9.0,100.0,-116.0
2021-09-18,ANA,OAK,1,3,9.0,101.0,-122.0
2021-09-18,BOS,BAL,9,3,10.5,-290.0,235.0
2021-09-18,CIN,LAD,1,5,8.5,192.0,-232.0
2021-09-18,FLA,PIT,3,6,8.0,-132.0,111.0
2021-09-18,HOU,ARI,4,6,9.0,-302.0,240.0
2021-09-18,KCR,SEA,8,1,9.0,-117.0,-101.0
2021-09-18,MIL,CHC,6,4,7.5,-335.0,280.0
2021-09-18,NYM,PHI,3,5,8.0,-105.0,-111.0
2021-09-18,NYY,CLE,3,11,9.5,-196.0,164.0
2021-09-18,SFG,ATL,2,0,7.5,-105.0,-111.0
2021-09-18,STL,SDP,3,2,7.5,-122.0,105.0
2021-09-18,TBD,DET,3,4,8.5,-187.0,154.0
2021-09-18,TEX,CHW,2,1,8.5,205.0,-247.0
2021-09-18,TOR,MIN,6,2,9.5,-167.0,141.0
2021-09-18,WSN,COL,0,6,9.5,-126.0,108.0
2021-09-19,ANA,OAK,2,3,8.5,115.0,-135.0
2021-09-19,BOS,BAL,8,6,9.5,-347.0,282.0
2021-09-19,CIN,LAD,5,8,9.0,167.0,-200.0
2021-09-19,FLA,PIT,6,5,7.0,-222.0,182.0
2021-09-19,HOU,ARI,7,6,8.5,-205.0,170.0
2021-09-19,KCR,SEA,1,7,9.5,103.0,-122.0
2021-09-19,MIL,CHC,4,6,9.0,-235.0,195.0
2021-09-19,NYM,PHI,3,2,8.5,-136.0,115.0
2021-09-19,NYY,CLE,1,11,8.5,-342.0,275.0
2021-09-19,SFG,ATL,0,3,8.5,-124.0,104.0
2021-09-19,STL,SDP,8,7,9.5,-115.0,-105.0
2021-09-19,TBD,DET,0,2,8.5,-290.0,240.0
2021-09-19,TEX,CHW,2,7,8.5,184.0,-220.0
2021-09-19,TOR,MIN,5,3,9.0,-237.0,192.0
2021-09-19,WSN,COL,3,0,8.5,-110.0,-108.0
2021-09-20,ANA,HOU,0,10,9.0,178.0,-222.0
2021-09-20,ARI,ATL,4,11,9.0,157.0,-189.0
2021-09-20,CIN,PIT,9,5,9.5,-165.0,140.0
2021-09-20,CLE,KCR,2,7,7.0,-160.0,135.0
2021-09-20,CLE,KCR,2,4,9.0,-145.0,125.0
2021-09-20,DET,CHW,4,3,8.5,195.0,-240.0
2021-09-20,FLA,WSN,8,7,7.5,-105.0,-113.0
2021-09-20,MIL,STL,2,5,8.0,-197.0,164.0
2021-09-20,NYY,TEX,4,3,8.5,-280.0,225.0
2021-09-20,OAK,SEA,2,4,8.5,-178.0,149.0
2021-09-20,PHI,BAL,0,2,7.5,-215.0,180.0
2021-09-20,TBD,TOR,6,4,8.0,115.0,-134.0
2021-09-21,ANA,HOU,5,10,9.5,165.0,-199.0
2021-09-21,ARI,ATL,1,6,9.5,136.0,-160.0
2021-09-21,BOS,NYM,6,3,9.5,-135.0,115.0
2021-09-21,CHC,MIN,5,9,8.0,-122.0,104.0
2021-09-21,CIN,PIT,2,6,8.5,-237.0,192.0
2021-09-21,CLE,KCR,4,1,9.0,-155.0,132.0
2021-09-21,COL,LAD,4,5,11.0,176.0,-210.0
2021-09-21,DET,CHW,5,3,9.5,138.0,-164.0
2021-09-21,FLA,WSN,1,7,7.5,-145.0,125.0
2021-09-21,MIL,STL,1,2,7.5,-214.0,172.0
2021-09-21,NYY,TEX,7,1,8.5,-274.0,225.0
2021-09-21,OAK,SEA,2,5,8.5,-137.0,118.0
2021-09-21,PHI,BAL,3,2,9.5,-220.0,175.0
2021-09-21,SDP,SFG,5,6,7.5,-112.0,-105.0
2021-09-21,TBD,TOR,2,4,8.5,-108.0,-109.0
2021-09-22,ANA,HOU,5,9,9.5,170.0,-211.0
2021-09-22,ARI,ATL,2,9,9.5,146.0,-171.0
2021-09-22,BOS,NYM,12,5,9.5,-181.0,153.0
2021-09-22,CHC,MIN,4,5,6.5,-105.0,-115.0
2021-09-22,COL,LAD,10,5,10.5,170.0,-202.0
2021-09-22,FLA,WSN,5,7,8.5,-134.0,113.0
2021-09-22,MIL,STL,2,10,9.0,-132.0,111.0
2021-09-22,NYY,TEX,7,3,9.0,-278.0,225.0
2021-09-22,OAK,SEA,1,4,8.5,-156.0,131.0
2021-09-22,PHI,BAL,4,3,8.0,-337.0,272.0
2021-09-22,SDP,SFG,6,8,9.5,-115.0,-102.0
2021-09-22,TBD,TOR,7,1,9.0,-110.0,-108.0
2021-09-23,ANA,HOU,3,2,8.5,136.0,-164.0
2021-09-23,ARI,ATL,6,4,8.5,175.0,-209.0
2021-09-23,BAL,TEX,3,0,9.0,110.0,-128.0
2021-09-23,CIN,WSN,2,3,9.0,-215.0,177.0
2021-09-23,CLE,CHW,2,7,8.5,125.0,-145.0
2021-09-23,CLE,CHW,5,3,6.0,110.0,-133.0
2021-09-23,COL,LAD,5,7,10.5,220.0,-272.0
2021-09-23,MIL,STL,5,8,7.5,-122.0,104.0
2021-09-23,MIN,TOR,7,2,9.5,122.0,-145.0
2021-09-23,OAK,SEA,5,6,8.5,-165.0,139.0
2021-09-23,PHI,PIT,12,6,8.5,-282.0,230.0
2021-09-23,SDP,SFG,7,6,7.5,-102.0,-116.0
2021-09-24,ANA,SEA,5,6,8.5,113.0,-133.0
2021-09-24,ARI,LAD,2,4,10.5,194.0,-237.0
2021-09-24,BAL,TEX,5,8,9.5,-110.0,-108.0
2021-09-24,BOS,NYY,3,8,9.0,101.0,-120.0
2021-09-24,CHC,STL,5,8,8.5,125.0,-146.0
2021-09-24,CHC,STL,4,12,7.0,-105.0,-115.0
2021-09-24,CIN,WSN,8,7,8.5,-177.0,150.0
2021-09-24,CLE,CHW,0,1,8.0,105.0,-120.0
2021-09-24,COL,SFG,2,7,12.5,167.0,-200.0
2021-09-24,DET,KCR,1,3,8.5,-106.0,-111.0
2021-09-24,MIL,NYM,5,1,8.0,-140.0,120.0
2021-09-24,MIN,TOR,3,1,9.0,133.0,-158.0
2021-09-24,OAK,HOU,14,2,8.0,-120.0,-100.0
2021-09-24,PHI,PIT,8,6,9.0,-235.0,194.0
2021-09-24,SDP,ATL,0,4,8.5,110.0,-129.0
2021-09-24,TBD,FLA,8,0,8.5,-280.0,220.0
2021-09-25,ANA,SEA,14,1,8.5,120.0,-141.0
2021-09-25,ARI,LAD,7,2,9.0,220.0,-270.0
2021-09-25,BAL,TEX,3,2,9.0,-108.0,-108.0
2021-09-25,BOS,NYY,3,5,10.5,-110.0,-106.0
2021-09-25,CHC,STL,5,8,10.0,128.0,-152.0
2021-09-25,CIN,WSN,7,6,10.0,-126.0,108.0
2021-09-25,CLE,CHW,6,0,8.5,160.0,-195.0
2021-09-25,COL,SFG,2,7,11.5,121.0,-141.0
2021-09-25,DET,KCR,5,1,9.0,-130.0,112.0
2021-09-25,MIL,NYM,2,1,7.5,-215.0,180.0
2021-09-25,MIN,TOR,1,6,9.0,155.0,-189.0
2021-09-25,OAK,HOU,2,1,8.0,-102.0,-118.0
2021-09-25,PHI,PIT,3,0,8.5,-293.0,242.0
2021-09-25,SDP,ATL,8,10,8.5,105.0,-124.0
2021-09-25,TBD,FLA,7,3,7.0,-198.0,166.0
2021-09-26,ANA,SEA,1,5,8.5,-139.0,117.0
2021-09-26,ARI,LAD,0,3,9.0,250.0,-305.0
2021-09-26,BAL,TEX,4,7,8.5,-128.0,110.0
2021-09-26,BOS,NYY,3,6,10.0,-110.0,-108.0
2021-09-26,CHC,STL,2,4,11.0,127.0,-149.0
2021-09-26,CIN,WSN,9,2,9.5,-190.0,160.0
2021-09-26,CLE,CHW,2,5,8.5,132.0,-156.0
2021-09-26,COL,SFG,2,6,11.5,142.0,-167.0
2021-09-26,DET,KCR,1,2,9.0,-105.0,-112.0
2021-09-26,MIL,NYM,8,4,8.0,-166.0,140.0
2021-09-26,MIN,TOR,2,5,9.5,150.0,-177.0
2021-09-26,OAK,HOU,4,3,9.0,-102.0,-120.0
2021-09-26,PHI,PIT,0,6,9.0,-235.0,195.0
2021-09-26,SDP,ATL,3,4,8.0,-130.0,110.0
2021-09-26,TBD,FLA,3,2,8.0,-279.0,230.0
2021-09-27,CIN,PIT,13,1,8.5,-292.0,237.0
2021-09-27,CLE,KCR,8,3,8.5,-107.0,-110.0
2021-09-27,COL,WSN,4,5,11.5,-165.0,140.0
2021-09-27,DET,CHW,7,8,9.0,143.0,-169.0
2021-09-27,SEA,OAK,13,4,8.5,-125.0,104.0
2021-09-28,ATL,PHI,2,1,7.5,-125.0,105.0
2021-09-28,BAL,BOS,4,2,9.0,225.0,-278.0
2021-09-28,CHW,CIN,7,1,9.0,-195.0,163.0
2021-09-28,COL,WSN,3,1,11.5,-136.0,118.0
2021-09-28,HOU,TBD,4,3,9.5,-137.0,116.0
2021-09-28,KCR,CLE,6,4,9.0,-125.0,105.0
2021-09-28,LAD,SDP,2,1,7.5,-195.0,165.0
2021-09-28,MIN,DET,3,2,9.5,-145.0,125.0
2021-09-28,NYM,FLA,5,2,5.5,-211.0,175.0
2021-09-28,NYM,FLA,2,1,7.5,-190.0,160.0
2021-09-28,PIT,CHC,8,6,8.5,-110.0,-106.0
2021-09-28,SEA,OAK,4,2,8.0,-104.0,-115.0
2021-09-28,SFG,ARI,6,4,8.0,-272.0,222.0
2021-09-28,STL,MIL,6,2,7.0,101.0,-118.0
2021-09-28,TEX,ANA,5,2,9.0,-105.0,-115.0
2021-09-28,TOR,NYY,2,7,9.0,-126.0,108.0
2021-09-29,ATL,PHI,7,2,8.0,-152.0,128.0
2021-09-29,BAL,BOS,0,6,9.5,227.0,-281.0
2021-09-29,CHW,CIN,6,1,7.5,-195.0,163.0
2021-09-29,COL,WSN,10,5,11.5,-124.0,105.0
2021-09-29,HOU,TBD,0,7,9.0,-145.0,125.0
2021-09-29,KCR,CLE,10,5,9.0,-104.0,-114.0
2021-09-29,LAD,SDP,11,9,8.0,-321.0,245.0
2021-09-29,MIN,DET,5,2,9.0,-175.0,147.0
2021-09-29,NYM,FLA,2,3,7.5,-181.0,153.0
2021-09-29,PIT,CHC,2,3,8.5,102.0,-122.0
2021-09-29,SEA,OAK,4,2,7.5,-115.0,-101.0
2021-09-29,SFG,ARI,1,0,8.0,-283.0,225.0
2021-09-29,STL,MIL,0,4,7.5,-115.0,-104.0
2021-09-29,TEX,ANA,2,7,8.5,-120.0,102.0
2021-09-29,TOR,NYY,6,5,8.0,-102.0,-115.0
2021-09-30,ATL,PHI,5,3,8.5,-159.0,134.0
2021-09-30,BAL,BOS,6,2,10.0,192.0,-237.0
2021-09-30,HOU,TBD,3,2,8.5,-154.0,132.0
2021-09-30,KCR,CLE,1,6,8.5,135.0,-160.0
2021-09-30,LAD,SDP,8,3,9.0,-262.0,215.0
2021-09-30,MIN,DET,7,10,8.5,-192.0,160.0
2021-09-30,NYM,FLA,12,3,7.5,-220.0,178.0
2021-09-30,PIT,CHC,0,9,8.5,-105.0,-112.0
2021-09-30,SFG,ARI,5,4,8.5,-245.0,197.0
2021-09-30,STL,MIL,4,3,8.5,-121.0,102.0
2021-09-30,TEX,ANA,7,6,8.5,116.0,-139.0
2021-09-30,TOR,NYY,2,6,8.5,-154.0,132.0
2021-10-01,ARI,COL,7,9,9.0,100.0,-117.0
2021-10-01,ATL,NYM,3,4,8.5,-118.0,100.0
2021-10-01,CHW,DET,8,1,8.5,-287.0,232.0
2021-10-01,FLA,PHI,0,5,6.5,-101.0,-117.0
2021-10-01,HOU,OAK,6,8,8.5,-138.0,118.0
2021-10-01,KCR,MIN,11,6,9.5,-101.0,-117.0
2021-10-01,LAD,MIL,8,6,8.0,-230.0,188.0
2021-10-01,NYY,TBD,3,4,8.5,-132.0,112.0
2021-10-01,PIT,CIN,9,2,8.5,166.0,-197.0
2021-10-01,SEA,ANA,1,2,7.5,-166.0,140.0
2021-10-01,SFG,SDP,3,0,9.0,-209.0,173.0
2021-10-01,STL,CHC,4,3,8.0,-220.0,175.0
2021-10-01,TEX,CLE,6,9,8.5,105.0,-116.0
2021-10-01,TOR,BAL,6,4,10.0,-382.0,292.0
2021-10-01,WSN,BOS,2,4,9.0,175.0,-209.0
2021-10-02,ARI,COL,11,2,8.5,-138.0,118.0
2021-10-02,ATL,NYM,6,5,8.5,-121.0,102.0
2021-10-02,CHW,DET,5,4,9.0,-290.0,235.0
2021-10-02,FLA,PHI,3,1,8.0,103.0,-123.0
2021-10-02,HOU,OAK,10,4,9.5,-182.0,152.0
2021-10-02,KCR,MIN,0,4,9.5,-131.0,113.0
2021-10-02,LAD,MIL,8,3,7.0,-149.0,128.0
2021-10-02,NYY,TBD,2,12,8.5,-135.0,115.0
2021-10-02,PIT,CIN,8,6,8.0,130.0,-154.0
2021-10-02,SEA,ANA,6,4,8.5,-189.0,157.0
2021-10-02,SFG,SDP,2,3,7.5,-163.0,139.0
2021-10-02,STL,CHC,5,6,9.0,-195.0,165.0
2021-10-02,TEX,CLE,7,2,8.5,125.0,-148.0
2021-10-02,TOR,BAL,10,1,8.5,-284.0,235.0
2021-10-02,WSN,BOS,3,5,9.5,135.0,-159.0
2021-10-03,ARI,COL,5,4,9.0,-112.0,-105.0
2021-10-03,ATL,NYM,5,0,8.5,-175.0,148.0
2021-10-03,CHW,DET,2,5,8.0,-285.0,235.0
2021-10-03,FLA,PHI,5,4,7.5,-104.0,-114.0
2021-10-03,HOU,OAK,7,6,8.5,-174.0,145.0
2021-10-03,KCR,MIN,3,7,10.0,-105.0,-114.0
2021-10-03,LAD,MIL,10,3,8.5,-295.0,235.0
2021-10-03,NYY,TBD,1,0,9.0,-134.0,112.0
2021-10-03,PIT,CIN,3,6,9.0,135.0,-161.0
2021-10-03,SEA,ANA,3,7,7.5,-177.0,148.0
2021-10-03,SFG,SDP,11,4,8.5,-234.0,187.0
2021-10-03,STL,CHC,2,3,8.5,-159.0,135.0
2021-10-03,TEX,CLE,0,6,8.0,-115.0,-104.0
2021-10-03,TOR,BAL,12,4,10.0,-362.0,285.0
2021-10-03,WSN,BOS,5,7,9.5,184.0,-220.0
2021-10-05,BOS,NYY,6,2,8.0,115.0,-134.0
2021-10-06,LAD,STL,3,1,7.5,-237.0,194.0
2021-10-07,HOU,CHW,6,1,7.5,-135.0,115.0
2021-10-07,TBD,BOS,5,0,8.0,-161.0,137.0
2021-10-08,HOU,CHW,9,4,8.0,-110.0,-105.0
2021-10-08,MIL,ATL,2,1,7.0,-164.0,138.0
2021-10-08,SFG,LAD,4,0,7.0,100.0,-116.0
2021-10-08,TBD,BOS,6,14,7.5,-143.0,123.0
2021-10-09,MIL,ATL,0,3,7.0,-125.0,105.0
2021-10-09,SFG,LAD,2,9,7.5,109.0,-128.0
2021-10-10,BOS,TBD,6,4,8.5,-123.0,105.0
2021-10-10,CHW,HOU,12,6,8.5,-123.0,104.0
2021-10-11,ATL,MIL,3,0,8.5,-112.0,-104.0
2021-10-11,BOS,TBD,6,5,9.0,-112.0,-110.0
2021-10-11,LAD,SFG,0,1,7.5,-211.0,170.0
2021-10-12,ATL,MIL,5,4,8.0,-166.0,139.0
2021-10-12,CHW,HOU,1,10,9.0,-135.0,115.0
2021-10-12,LAD,SFG,7,2,7.5,-191.0,159.0
2021-10-14,SFG,LAD,1,2,7.0,-113.0,-105.0
2021-10-15,HOU,BOS,5,4,8.5,-148.0,125.0
2021-10-16,ATL,LAD,3,2,8.5,-106.0,-110.0
2021-10-16,HOU,BOS,5,9,8.5,-119.0,101.0
2021-10-17,ATL,LAD,5,4,8.0,150.0,-179.0
2021-10-18,BOS,HOU,12,3,9.5,-120.0,-101.0
2021-10-19,BOS,HOU,2,9,10.0,-133.0,115.0
2021-10-19,LAD,ATL,6,5,7.5,-190.0,160.0
2021-10-20,BOS,HOU,1,9,9.5,-125.0,106.0
2021-10-20,LAD,ATL,2,9,8.0,-228.0,189.0
2021-10-21,LAD,ATL,11,2,7.5,-134.0,114.0
2021-10-22,HOU,BOS,5,0,9.0,-114.0,-103.0
2021-10-23,ATL,LAD,4,2,8.5,128.0,-149.0
2021-10-26,HOU,ATL,2,6,8.5,-130.0,110.0
2021-10-27,HOU,ATL,7,2,8.5,-119.0,100.0
2021-10-29,ATL,HOU,2,0,8.5,-130.0,110.0
2021-10-30,ATL,HOU,3,2,9.0,-108.0,-110.0
2021-10-31,ATL,HOU,5,9,8.5,105.0,-124.0
2021-11-02,HOU,ATL,0,7,8.5,-125.0,108.0
